descripcion,categoria
SAGA FALABELLA AUT641073,Compras
DEB BATA,Compras
COMPRA JOCKEY PLAZA,Compras
TRANSF A TAXI DATUM,Transporte
IBERDROLA SEP,Servicios
SHEIN AUTORIZ 122096,Compras
MASSIMO DUTTI*063849,Compras
REF CHINA WOK,Alimentación
TRANSMILENIO AUTORIZ 341403,Transporte
COPA AIRLINES AUTORIZ 592127,Transporte
UBER EATS PROVIDENCIA,Alimentación
MASSIMO DUTTI OP775301,Compras
SHEIN LIMA,Compras
OSDE PREPAGA LIMA,Servicios
DAVIPLATA*DAMIÁN,Servicios
COMPRA AT&T MEXICO,Servicios
PAGO VARIOS AUTORIZ 592956,Otros
GASCO LATAM,Servicios
CENCOSUD LIMA,Compras
COSTANERA CENTER OP610044,Compras
DB LATAM AIRLINES,Transporte
COMPRA AMAZON PRIME VIDEO,Ocio
TICKETMASTER APROB377556,Ocio
UNIVERSIDAD ANDES AUT142770,Educación
COMPRA FRISBY,Alimentación
AUTOPISTA NORTE VISA,Transporte
PAGO VARIOS VISA,Otros
METRO SANTIAGO.COM,Transporte
D1 #675663,Alimentación
COD ENEX,Transporte
POS TOTTUS,Alimentación
ADMINISTRACION CONJUNTO RESIDENCIAL FEB,Vivienda
DEB ANALISIS CLINICOS UNIDOS,Salud
PULL BEAR LATAM,Compras
TRX CONSULTORIO DENTAL SONRIE,Salud
DOMINOS PIZZA LATAM,Alimentación
SEGUROS BOLIVAR LIMA,Servicios
MAPFRE SEGUROS.COM,Servicios
CHINA TOWN MIRAFLORES,Alimentación
DB OLIMPICA,Alimentación
SANTA FE MALL COD556845,Compras
TRX H&M,Compras
COMPRA AGUAS ANDINAS CONCEPCION,Servicios
SHEIN SAN ISIRDO,Compras
PAGO LATAM AIRLINES,Transporte
AGUAS ANDINAS DIC,Servicios
TOTTUS CO,Alimentación
FARMACIA INKAFARMA TIJUANA,Salud
ONLINE GAS NATURAL,Servicios
NINTENDO ESHOP SAN ISIDRO,Ocio
DEB APPLE.COM,Compras
YPF 31-10-2024,Transporte
COMPRA WEB SANITAS EPS,Servicios
LA REBAJA VIRTUAL PUEBLA,Salud
PAGO SERV WALMART,Alimentación
COURSERA MASTERCARD,Educación
CARGO ZARA,Compras
FARMACIA GUADALAJARA APROB172209,Salud
MAESTRO HOME CENTER SAN ISIDRO,Vivienda
COMPRA SORIANA,Alimentación
COMPRA CINE COLOMBIA VALPARAISO,Ocio
PLAZAS EXITO ROPA LATAM,Compras
RETIRO MCDONALDS,Alimentación
PLAZAS EXITO ROPA #317642,Compras
EPM AUT715571,Servicios
TRUPER FERRETERIA REF412275,Vivienda
CINEPLANET PERU,Ocio
PAGO ONLINE TICKETMASTER,Ocio
MERCADO PAGO*SARITA,Alimentación
DEBITO AUTOMATICO TRANSANTIAGO,Transporte
METRO DE LIMA CHILE,Transporte
TACO BELL MASTERCARD,Alimentación
METRO DE LIMA LATAM,Transporte
COMPRA POS AVIANCA,Transporte
RETIRO CAJERO LATAM,Otros
NRO OP 619365 CENCOSUD,Compras
PAGO TOTTUS CHILE,Alimentación
APP KARAOKE BOX,Ocio
MASSIMO DUTTI AUT963647,Compras
DEB TRANSMILENIO,Transporte
LABORATORIO CLINICO ROCHE AUT556419,Salud
COPEC COD935877,Transporte
DAVIPLATA*NOEMÍ,Alimentación
PARQUE ARAUCO OP852516,Compras
PAGO SERV CRISTAL,Alimentación
DB ANALISIS CLINICOS UNIDOS,Salud
MAPFRE SEGUROS APROB231564,Servicios
COMISION MANTENIMIENTO CUENTA TARJETA 8167,Servicios
SAGA FALABELLA.COM,Compras
COMPRA INTL JUAN VALDEZ,Alimentación
REPSOL LIMA,Transporte
NRO OP 790915 LA POSITIVA SEGUROS,Servicios
CREPES WAFFLES LATAM,Alimentación
PAGO CLINICA RICARDO PALMA,Salud
MERCADO PAGO*BASILIO,Alimentación
POLLERIA NORKYS OP932071,Alimentación
COMPRA TC BURGER KING,Alimentación
DB LA REBAJA VIRTUAL,Salud
SALCOBRAND REF494717,Salud
DB NIKE STORE,Compras
COMPRA TC DISCO,Alimentación
DEB BBEMBOS,Alimentación
FALABELLA LATAM,Compras
TECNOLOGICO DE MONTERREY VISA,Educación
ANALISIS CLINICOS UNIDOS STORE,Salud
ONLINE CODENSA,Servicios
ITUZAINGO PEAJE QR,Transporte
RETIRO CHINA WOK,Alimentación
DAVIPLATA*XIMENA,Servicios
AMZN MKTPLACE TOLUCA,Compras
DIA MASTERCARD,Alimentación
WEB DISCOTECA CLUB,Ocio
ADIDAS STORE JUL,Compras
POS DIDI FOOD,Alimentación
SURA SEGUROS APROB110964,Servicios
EDENOR COD403576,Servicios
LIBRERIA GANDHI COLOMBIA,Educación
EL CORRAL OP106875,Alimentación
YAPE*CRESCENCIA,Alimentación
DISNEY PLUS REF060260,Ocio
COMPRA INTL TEMU,Compras
ONLINE FARMACIAS DEL AHORRO,Salud
DB FARMACIAS DEL AHORRO,Salud
WEB FALABELLA,Compras
COMPRA GYM SMARTFIT,Ocio
ALIEXPRESS 02AUG,Compras
PALACIO DE HIERRO STORE,Compras
MAESTRO HOME CENTER PE,Vivienda
MERCADO PAGO*EZEQUIEL,Servicios
MAPFRE SEGUROS LATAM,Servicios
PAGO SERV TELMEX INTERNET,Servicios
DIDI FOOD COD291959,Alimentación
PAGO SERV EDENOR,Servicios
FARMACIAS DEL AHORRO LATAM,Salud
ITUZAINGO PEAJE.COM,Transporte
LA POSITIVA SEGUROS PERU,Servicios
AMAZON 07MAR,Compras
GYM SMARTFIT OP855737,Ocio
DEB ESTACIONAMIENTO,Transporte
HOSPITAL ANGELES LATA,Salud
ONLINE CENTRO MEDICO SAN FELIPE,Salud
DEBITO AUTOMATICO OPTICA LA INES,Salud
JOCKEY PLAZA APROB460419,Compras
DB PAGO ARRIENDO,Vivienda
NEQUI*YAIZA 008002,Alimentación
PAGO LIVERPOOL,Compras
TRANSF A BEMBOS,Alimentación
DEBITO AUTOMATICO LA POLAR,Compras
MIFARMA MX,Salud
PETROPERU CHILE,Transporte
NRO OP 748817 FALABELLA,Compras
ESTACIONAMIENTO*896761,Transporte
PAGO SERV SUBTE BUENOS AIRES,Transporte
YPF AUTORIZ 902948,Transporte
PAGO ONLINE ENEX,Transporte
CARGO PLAZAS EXITO ROPA,Compras
NRO OP 497191 DENTAL PLUS,Salud
LA REBAJA VIRTUAL BUENOS AIRES,Salud
COD ANTICUCHOS DON JORGE,Alimentación
COMPRA WEB MAKRO,Alimentación
FARMACIA INKAFARMA LIMA,Salud
COMPRA COURSERA GUADALAJARA,Educación
NRO OP 573316 BEMBOS,Alimentación
PLAZA VESTIR 26/07/24,Compras
PAGO ONLINE UBER TRIP,Transporte
PAGO SERV CHINA TOWN,Alimentación
BOLETERIA JOINNUS MASTERCARD,Ocio
SANCOR SEGUROS COD370632,Servicios
COMPRA TC UNIVERSIDAD ANDES,Educación
REF PARQUE EXPLORA,Ocio
COMPRA INTL CFE,Servicios
PAGO ONLINE DOMINOS PIZZA,Alimentación
PAGO ONLINE VIVANDA,Alimentación
PAGO SERV LABORATORIO ROE,Salud
CARGO CREPES WAFFLES,Alimentación
RETIRO DENTAL PLUS,Salud
PLIN*ADRIÁN,Otros
BITEL #537001,Servicios
COMPRA ML*COMPRA,Compras
COMPRA CROSSFIT BOX SANTIAGO,Ocio
SEGUROS BOLIVAR LATAM,Servicios
DAVIPLATA*MOISÉS,Servicios
EXITO MIRAFLORES,Alimentación
DEBITO AUTOMATICO PAGO ARRIENDO,Vivienda
VTR APROB546943,Servicios
MODO*RAÚL,Servicios
TERPEL TARJETA 8334,Transporte
DEB TEMU,Compras
FARMACIA BENAVIDES QR,Salud
TOTTUS LATAM,Alimentación
PAGO SERV KFC,Alimentación
COMPRA TAXI DATUM SANTIAGO,Transporte
COMPRA INTL STARBUCKS,Alimentación
DEBITO AUTOMATICO PANADERIA SAN JORGE,Alimentación
SIT MEDELLIN LIMA,Transporte
JOCKEY PLAZA QR,Compras
COMPRA INTL CLARO,Servicios
ML*COMPRA LATAM,Compras
PRIMAX MIRAFLORES,Transporte
DEB LIBRERIA CRISOL,Educación
DAVIPLATA*ANGELITA 422602,Servicios
PLAZA VEA SOP AUT831486,Compras
COMISION MANTENIMIENTO CUENTA AUTORIZ 685140,Servicios
PLAZA VEA #676073,Alimentación
TELCEL*185774,Servicios
WEB PEAJE RUTA,Transporte
WEB PEM,Servicios
CUOTA CONDOMINIO AUT046048,Vivienda
TRANSF A SODIMAC CONSTRUCCION,Vivienda
MAKRO REF996067,Alimentación
COMPRA SEARS MENDOZA,Compras
REPSOL STORE,Transporte
PARQUE EXPLORA VISA,Ocio
COMPRA TC PEAJE RUTA,Transporte
COD VEA SUPERMERCADO,Alimentación
TOTTUS AUT601675,Alimentación
COMISION INTERBANCARIA*182917,Servicios
WEB PRIMAX,Transporte
ONLIN EOXXO,Alimentación
JUMBO STORE,Alimentación
ANTICUCHOS DON JORGE NUNOA,Alimentación
PAGO SERV JUMBO,Alimentación
COMPRA TC ALLIANZ SEGUROS,Servicios
ADMINISTRACION EDIFICIO 08/02,Vivienda
COMPRA POS FARMACIAS DEL AHORRO,Salud
CARGO PEDIDOSYA,Alimentación
CREDITO VIVIENDA TARJETA 8238,Vivienda
SALCOBRAND #005313,Salud
LIVERPOOL CO,Compras
LUZ DEL SUR AUT628099,Servicios
JUMBO*872078,Alimentación
PAGO SERV UDEMY,Educación
SEARS REF682294,Compras
PAPA JOHNS MIRAFLORES,Alimentación
WEB LA POSITIVA SEGUROS,Servicios
COD PUMA ENERGY,Transporte
ESTACIONAMIENTO AUT063444,Transporte
PAGO ONLINE SORIANA,Alimentación
TRANSMILENIO AUTORIZ 676123,Transporte
DOMINOS PIZZA TARJETA 4007,Alimentación
PAGO HIPOTECARIO AUTORIZ 628472,Vivienda
COMPRA MAX.COM MAR DEL PLATA,Ocio
RETIRO UNIMARC,Alimentación
ADMINISTRACION CONJUNTO RESIDENCIAL AUTORIZ 776846,Vivienda
PAGO ANTICUCHOS DON JORGE,Alimentación
TRX PULL BEAR,Compras
TRX PAYLESS,Compras
PAGO SERV UBER TRIP,Transporte
COMPRA CREDITO VIVIENDA TOLUCA,Vivienda
DEBITO AUTOMATICO ENEL,Servicios
PLIN*CRISTIAN 780181,Alimentación
COMPRA TC METRO SANTIAGO,Transporte
LABORATORIO ROE MIRAFLORES,Salud
APP MASSIMO DUTTI,Compras
WEB LA COMER,Alimentación
PARQUE DE LAS LEYENDAS COD679729,Ocio
EBAY AUTORIZ 760210,Compras
PAGO ONLINE DISCO,Alimentación
DEB PLATZI,Educación
INSTITUTO CIBERTEC TARJETA 4316,Educación
ZARA QR,Compras
NRO OP 368518 ALIEXPRESS,Compras
SAGA FALABELLA CUSCO,Compras
LA COMER LATAM,Alimentación
WEB COURSERA,Educación
SHEIN REF021317,Compras
COMPRA EDITORIAL SANTILLANA,Educación
COMPRA TEMU,Compras
WEB CARREFOUR,Alimentación
TRANSF A PARQUE DE LAS LEYENDAS,Ocio
PAGO PAGO A TERCEROS,Otros
PAGO SERV AGUAS ANDINAS,Servicios
ADIDAS STORE MIRAFLORES,Compras
LA POLAR TARJETA 8967,Compras
GASCO TARJETA 4966,Servicios
UBER TRIP COD097566,Transporte
COMPRA POS PRIMAX,Transporte
CARGO METRO,Alimentación
LABORATORIO ROE TARJETA 3079,Salud
SANTA FE MALL MASTERCARD,Compras
CLARO SHOP ENE,Compras
NRO OP 239999 7 ELEVEN,Alimentación
COMPRA POS SALCOBRAND,Salud
COMPRA WEB STARBUCKS,Alimentación
COD LIBRERIA GANDHI,Educación
NEQUI*COSME,Alimentación
RETIRO AGUAS ANDINAS,Servicios
FERIA DEL LIBRO 16MAY,Ocio
COMPRA WEB COPPEL,Compras
COMPRA TC TOTTUS,Alimentación
PAGO ONLINE UDEMY,Educación
DEBITO AUTOMATICO JOCKEY PLAZA,Compras
MERCADO PAGO*XIOMARA,Alimentación
INSTITUTO CIBERTEC SAN ISIDRO,Educación
ENTEL.COM,Servicios
PAGO SERV MANTENIMIENTO TARJETA,Servicios
DB AVIANCA,Transporte
PAGO ONLINE FARMACIA INKAFARMA,Salud
COMPRA LA POLAR,Compras
BATA MASTERCARD,Compras
SEARS NUNOA,Compras
UBER EATS MASTERCARD,Alimentación
SANTA FE MALL STORE,Compras
AMAZON COD420061,Compras
COMPRA INTL SUBTE BUENOS AIRES,Transporte
CONCIERTO LIVE NATION QR,Ocio
COD KFC,Alimentación
AMAZON PRIME VIDEO APROB072209,Ocio
COMPRA VEA SUPERMERCADO QUERETARO,Alimentación
MODO*LUNA,Alimentación
APP METRO DE LIMA,Transporte
PUMA ENERGY APROB516992,Transporte
TERPEL MEXICO,Transporte
COMPRA ADMINISTRACION CONJUNTO RESIDENCIAL,Vivienda
COMPRA POS BEMBOS,Alimentación
PAGO ONLINE BEAT,Transporte
MODO*ÁGATA 422118,Servicios
PAGO SERV PAYLESS,Compras
JUMBO SEP,Alimentación
TOTTUS REF178927,Alimentación
ANTICUCHOS DON JORGE TARJETA 0755,Alimentación
MERCADO PAGO*MAXIMIANO,Alimentación
GIRO INTERNACIONAL APROB187979,Otros
POS G500,Transporte
CARGO FARMACIAS DEL AHORRO,Salud
LIVERPOOL APROB022406,Compras
COD SODIMAC CONSTRUCCION,Vivienda
WEB OPTICA LA INES,Salud
LIBRERI AGANDHI APROB007442,Educación
POS TRANSFERENCIA VARIOS,Otros
WEB TRANSFERENCIA VARIOS,Otros
DEBITO AUTOMATICO OLIMPICA,Alimentación
FARMACIA INKAFARMA 06/04,Salud
COMPRA SUBTE BUENOS AIRES PUEBLA,Transporte
NETFLIX.COM TARJETA 4865,Ocio
BATA SAN ISIDRO,Compras
COSTANERA CENTER REF579664,Compras
RETIRO CLARO SHOP,Compras
PARQUE DE LAS LEYENDAS APROB602207,Ocio
COD PLATZI,Educación
LABORATORIO ROE COD290202,Salud
COMPRA WEB AUTOPISTA NORTE,Transporte
MERCADO LIBRE AUTORIZ 307206,Compras
TRX MOVISTAR FIBRA,Servicios
COMPRA NETFLIX.COM NUNOA,Ocio
WEB ENEL,Servicios
PARDOS CHICKEN QR,Alimentación
LINKEDIN LEARNING AUTORIZ 971001,Educación
FERRETERIA EL TORNILLO #634774,Vivienda
TRX CINEPLANET,Ocio
EPM LIMA,Servicios
COMPRA MANTENIMIENTO TARJETA MENDOZA,Servicios
COMPRA WEB DUOLINGO PLUS,Educación
KKFC OP382194,Alimentación
TWITCH QR,Ocio
COD PLAZA NORTE,Compras
MAPFRE SEGUROS COD281969,Servicios
NINTENDO ESHOP CALLAO,Ocio
APPLE TV PLUS*181427,Ocio
LIBRERIA CRISOL AUTORIZ 098157,Educación
NEQUI*SALUD,Servicios
DB PEAJE RUTAS DEL SOL,Transporte
CODENSA 11/08/24,Servicios
PAGO ARRIENDO NOV,Vivienda
CLARO SHOP MASTERCARD,Compras
RETIRO EBAY,Compras
EXITO TARJETA 1486,Alimentación
METRO CDMX MX,Transporte
PAGO SERV IBERDROLA,Servicios
CASA DE CAMBIO*645794,Otros
REF EDESUR,Servicios
DAVIPLATA*DANI 209028,Servicios
AEROMEXICO QR,Transporte
WEB MIFARMA,Salud
PAGO ONLINE BODYTECH GYM,Ocio
MODO*CAYETANO,Servicios
DIA.COM,Alimentación
APPLE.COM OP164284,Compras
PLAZAS EXITO ROPA*570768,Compras
PAGO ARRIENDO TARJETA 2339,Vivienda
BURGER KING TARJETA 9942,Alimentación
DIA COD231748,Alimentación
PAGO SERV CROSSFIT BOX,Ocio
REF CREES WAFFLES,Alimentación
TRX BOLETERIA JOINNUS,Ocio
COMPRA WEB INMOBILIARIA CENTURY21,Vivienda
KARAOKE BOX QR,Ocio
COMPRA TC CINEPOLIS,Ocio
RIMAC SEGUROS MASTERCARD,Servicios
DOMINOS PIZZA.COM,Alimentación
TEATRO MUNICIPAL 13-04-2024,Ocio
AVIANCA PERU,Transporte
COMPRA PARQUE DE LAS LEYENDAS CALI,Ocio
PAGO ONLINE 7 ELEVEN,Alimentación
COMPRA BERSHKA BUCARAMANGA,Compras
ONLINE DENTAL PLUS,Salud
ONLINE SAGA FALABELLA,Compras
MIFARMA ARGENTINA,Salud
TRANSF A GIRO INTERNACIONAL,Otros
NRO OP 154959 SIT MEDELLIN,Transporte
NORKYS JUL,Alimentación
NORKYS OP072248,Alimentación
PAPA JOHNS TARJETA 4181,Alimentación
MODO*EVANGELINA,Otros
TOTTUS CHILE ENVIGADO,Alimentación
STARBUCKS 23/08/24,Alimentación
NRO OP 090748 OPTICA GMO,Salud
COMPRA LIVERPOOL BUENOS AIRES,Compras
OPTICA LA INES MASTERCARD,Salud
PAGO ONLINE LA COMER,Alimentación
COMPRA WEB AMZN MKTPLACE,Compras
TRANSF A FRISBY,Alimentación
PAGO A TERCEROS STORE,Otros
CENTRO MEDICO SAN FELIPE LATM,Salud
DB SANTA FE MALL,Compras
WEB HOMECENTER,Vivienda
WEB COOMEVA EPS,Servicios
COMPRA SEARS CALI,Compras
COMPRA WEB COPEC,Transporte
COMPRA POS HOMECENTER,Vivienda
STARBUCKS OP483512,Alimentación
SWISS MEDICAL ROSARIO,Servicios
COMPRA TC AMZN MKTPLACE,Compras
COMPRA D1 CHICLAYO,Alimentación
PAGO ONLINE INSTITUTO IDIOMAS,Educación
YPF ENE,Transporte
LA COMER QR,Alimentación
ONLINE PARQUE EXPLORA,Ocio
LA POLAR OP708033,Compras
TRANSF A HOMECENTER,Vivienda
PANADERIA SAN JORGE VISA,Alimentación
RETIRO CONCIERTO LIVE NATION,Ocio
CFE #758804,Servicios
ONLINE NINTENDO ESHOP,Ocio
DUNKIN APROB197333,Alimentación
FARMACIA GUADALAJARA APROB879026,Salud
NETFLIX.COM MIRAFLORES,Ocio
ADIDAS STORE LIMA,Compras
TRANSANTIAGO STORE,Transporte
COMPRA SWISS MEDICAL BARRANQUILLA,Servicios
PARKING PLUS AGO,Transporte
COMPRA CLINICA RICARDO PALMA,Salud
EASY CONSTRUCCION 04/04/24,Vivienda
HOSPITAL ANGELES LIMA,Salud
G500 LATAM,Transporte
TEMU P,Compras
AMZN MKTPLACE QUERETARO,Compras
CHILIS #426192,Alimentación
DISNEY PLUS LIM,Ocio
PAGO CERTIFICACION QR,Educación
PAGO A TERCEROS REF227121,Otros
COPPEL REF809812,Compras
REF SUBTE BUENOS AIRES,Transporte
EBAY LATAM,Compras
ESTACIONAMIENTO.COM,Transporte
GIRO INTERNACIONAL VALPARAISO,Otros
ANALISIS CLINICOS UNIDOS LATAM,Salud
CREDITO VIVIENDA TARJETA 3264,Vivienda
APP TACO BELL,Alimentación
ONLINE TRANSANTIAGO,Transporte
CARUULLA.COM,Alimentación
CLINICA SANNA REF255189,Salud
BEAT AUTORIZ 370275,Transporte
REF CINEMARK,Ocio
DAVIPLATA*JACINTO 337302,Alimentación
CLARO SHOP COLOMBIA,Compras
POS LABORATORIO ROE,Salud
CARGO CENTRO MEDICO SSAN FELIPE,Salud
RETIRO GAS NATURAL,Servicios
COMPRA POS CUOTA CONDOMINIO,Vivienda
CINEMARK AUT516626,Ocio
SEDAPAL CL,Servicios
CLARO SHOP OP192168,Compras
PAGO SERV CENCOSUD,Compras
MAKRO AUT387649,Alimentación
WEB AADIDAS STORE,Compras
REF ML*COMPRA,Compras
COD EDENOR,Servicios
MERCADO PAGO*LEOPOLDO 752821,Alimentación
ONLINE LA POLAR,Compras
SUBTE BUENOS AIRES AUT374783,Transporte
OXXO COD760708,Alimentación
COMPRA SPOTIFY,Ocio
CINEMARK #779671,Ocio
APGO HIPOTECARIO AUTORIZ 519356,Vivienda
SORIANA CL,Alimentación
PAGO OPTICA LA INES,Salud
MODO*CASANDRA,Otros
REF SPORTLIFE GYM,Ocio
DEB ALIEXPRESS,Compras
APP CARREFOUR,Alimentación
EPM REF223349,Servicios
LUZ DEL SUR APROB251382,Servicios
PAGO PAGO CERTIFICACION,Educación
RIPLEY NOV,Compras
POS CREPES WAFFLES,Alimentación
COD SHEIN,Compras
MCDONALDS 24/01,Alimentación
STARBUCKS AUT866171,Alimentación
PLIN*AITOR 930596,Servicios
KFC*400160,Alimentación
COMPRA POS ML*COMPRA,Compras
CRISTAL AUTORIZ 853862,Alimentación
OECHSLE REF923809,Compras
LA POLAR TARJETA 0102,Compras
POS HBO MAX,Ocio
NRO OP 654193 SANITAS EPS,Servicios
COMPRA TC BATA,Compras
DEBITO AUTOMATICO WOM,Servicios
CRUZ DEL SUR AUT422040,Transporte
SANTA ISABEL LATAM,Alimentación
COMPRA CARULLA BUCARAMANGA,Alimentación
COMPRA COPPEL,Compras
YAPE*BRUNILDA,Servicios
COMPRA TC IZZI TELECOM,Servicios
MERCADO SHOPS SAN ISIDRO,Compras
BODYTECH GYM SAN ISIDRO,Ocio
DEBITO AUTOMATICO SANTA FE MALL,Compras
COMPRA POS PARKING PLUS,Transporte
CARGO G500,Transporte
REF SEGUROS BOLIVAR,Servicios
COMPRA WEB WONG,Alimentación
DEB MOVISTAR FIBRA,Servicios
OXXO STORE,Alimentación
RETIRO SANTA ISABEL,Alimentación
BODYTECH GYM AUTORIZ 451704,Ocio
SANCOR SEGUROS OP916739,Servicios
COMPRA TC FERRETERIA EL TORNILLO,Vivienda
CLINICA SHAIO STORE,Salud
YAPE*FELIPA,Servicios
HOSPITAL ITALIANO APROB313215,Salud
SODIMAC CONSTRUCCION CHILE,Vivienda
PLIN*CALISTA,Servicios
PAGO ONLINE TACO BELL,Alimentación
NRO OP 134605 DEPOSITO VARIOS,Otros
REPSOL MASTERCARD,Transporte
GYM SMARTFIT SAN ISIDRO,Ocio
REPSOL CHILE,Transporte
APP MANTTO CONJUNTO,Vivienda
LIVERPOOL PE,Compras
APPLE.OCM SAN ISIDRO,Compras
REF DENTAL PLUS,Salud
VTR REF042056,Servicios
CLINICA SHAIO LIMA,Salud
REF DONACION ONG,Otros
PULL BEAR AUT349294,Compras
CLARO INTERNET SAN ISIDRO,Servicios
BEAT LIMA,Transporte
SANTA FE MALL COD800744,Compras
COMPRA PRIMAX BOGOTA,Transporte
OPTICA LA INES.COM,Salud
SEARS QR,Compras
LINKEDIN LEARNING AGO,Educación
COMPRA TC SPOTIFY,Ocio
WONG VISA,Alimentación
DEEZER COD968710,Ocio
UBER EATS SAN ISIDRO,Alimentación
DISCOTECA CLUB CL,Ocio
COMPRA INTL CINE COLOMBIA,Ocio
PAYLESS*580324,Compras
FERRETERIA EL TORNILLO REF305354,Vivienda
CRISTAL #259123,Alimentación
CREPES WAFFLES LIMA,Alimentación
AJUSTE CONTABLE.COM,Otros
NRO OP 388987 UNIVERSIDAD ANDES,Educación
DEB RETIRO CAJERO,Otros
CHINA TOWN COD419429,Alimentación
DISCO #799362,Alimentación
COMISION INTERBANCARIA.COM,Servicios
BEAT OP699629,Transporte
IN DRIVE RJUN,Transporte
DEB PARQUE ARAUCO,Compras
CARGO COTO,Alimentación
CARGO METRO CDMX,Transporte
COMPRA WEB TRUPER FERRETERIA,Vivienda
TRX NIINTENDO ESHOP,Ocio
APPLE.COM COD253596,Compras
PARDOS CHICKEN.COM,Alimentación
DB CABIFY,Transporte
AMAZON SAN ISIDRO,Compras
EBAY OP296081,Compras
TRANSF A WOM,Servicios
NRO OP 026866 NIKE STORE,Compras
TRANSF A AGUAS ANDINAS,Servicios
WALMART MX,Alimentación
EASY CONSTRUCCION APROB159333,Vivienda
APPLE.COM APROB240844,Compras
FARMACIA BENAVIDES VISA,Salud
MERCADO SHOPS VALPARAIISO,Compras
WEB DISNEY PLUS,Ocio
NETFLIX.COM.COM,Ocio
COMPRA POS TERPEL,Transporte
PAGO ONLINE NORKYS,Alimentación
NIKE STORE CL,Compras
PAGO ONLINE LIVERPOOL,Compras
DISNEY PLUS 18/12,Ocio
FARMACIAS DEL AHORRO AUTORIZ 195138,Salud
EASY CONSTRUCCION 14-11-2024,Vivienda
PLAZAS EXITO ROPA JUL,Compras
COMPRA CONCIERTO LIVE NATION MONTERREY,Ocio
NRO OP 039341 SANITAS EPS,Servicios
COMPRA ENEX,Transporte
COD PARAMOUNT PLUS,Ocio
PEMEX 17MAAR,Transporte
CUOTA CONDOMINIO MX,Vivienda
CHHEDRAUI STORE,Alimentación
COMPRA POS MOVISTAR FIBRA,Servicios
EDESUR MASTERCARD,Servicios
NEQUI*BERTA,Servicios
CARGO ANALISIS CLINICOS UNIDOS,Salud
UNIVERSIDAD ANDES REF705584,Educación
PAGO PENSION UNIVERSIDAD MASTERCARD,Educación
TRANSF A NORKYS,Alimentación
REF SANITAS EPS,Servicios
PERSONAL ARG 22OCT,Servicios
TRUPER FERRETERIA APROB782354,Vivienda
ANTICUCHOS DON JORGE STORE,Alimentación
LA POSITIVA SEGUROS MASTERCARD,Servicios
MUSEO INTERACTIVO COD483656,Ocio
PAGO ONLINE ARA,Alimentación
COD SEARS,Compras
FARMACIAS DEL AHORRO AR,Salud
PAGO SERV POLLERIA NORKYS,Alimentación
WEB ENVIO WESTERN UNION,Otros
TERPEL REF900738,Transporte
PEMEX STORE,Transporte
COMPRA INTL CHINA WOK,Alimentación
COMPRA LABORATORIO CLINICO ROCHE MONTERREY,Salud
ONLINE CFE,Servicios
BUS EJECUTIVO AUTORIZ 527337,Transporte
MIFARMA QR,Salud
EXITO LATAM,Alimentación
PARDOS CHICKEN LIMA,Alimentación
DEBITO AUTOMATIC TRANSANTIAGO,Transporte
COMPRA SPORTLIFE GYM,Ocio
COPEC SAN ISIDRO,Transporte
HOSPITAL ANGELES COD732197,Salud
PERSONAL ARG STORE,Servicios
UNIMARC VISA,Alimentación
OXXO AUT347579,Alimentación
NRO OP 218770 SANTA FE MALL,Compras
RETIRO VIVANDA,Alimentación
CROSSFIT BOX OP173869,Ocio
COD OPTICA GMO,Salud
TRANSF A ALQUILER DEPARTAMENTO,Vivienda
FARMACIA SIMILARES AUT548711,Salud
CARREFOUR LATAM,Alimentación
ZARA #102473,Compras
ONLINE OECHSLE,Compras
DAVIPLATA*TELMO,Alimentación
LIBRERIA GANDHI STORE,Educación
PEAJE RUTA QR,Transporte
NRO OP 736444 PAGO PENSION COLEGIO,Educación
MAPFRE SEGUROS APROB537687,Servicios
SIT MEDELLIN STORE,Transporte
CHINA TOWN COLOMBIA,Alimentación
BATA QR,Compras
PLAZAS EXITO ROPA COD215988,Compras
COD GAS NATURAL,Servicios
CROSSFIT BOX APROB719343,Ocio
COMPRA INTL PEMEX,Transporte
7 ELEVEN SAN ISIDO,Alimentación
PALACIO DE HIERRO FEB,Compras
SAGA FALABELLA MAIPU,Compras
AT&T MEXICO*621567,Servicios
PAGO XBOX LIVE,Ocio
REF MAEESTRO HOME CENTER,Vivienda
TRANSF A ZARA,Compras
APP PAPA JOHNS,Alimentación
SPORTLIFE GYM AREQUIPA,Ocio
MUNDO MARINO CALI,Ocio
DEB ARA,Alimentación
PLIN*ANUELA,Alimentación
DEB CARREFOUR,Alimentación
SHELL OP108211,Transporte
WEB BERSHKA,Compras
MAKRO MONTERREY,Alimentación
DB CARULLA,Alimentación
CARREFOUR TARJETA 2525,Alimentación
PRIMAX COD874183,Transporte
CARGO CRUZ VERDE,Salud
DEB AMAZON,Compras
TRX COURSERA,Educación
PEAJE RUTAS DEL SOL TARJETA 0596,Transporte
APP DUNKIN,Alimentación
INSTITUTO CIBERTEC TARJETA 7157,Educación
LABORATORIO CLINICO ROCHE.COM,Salud
TELMEX INTERNET OP243123,Servicios
CARREFOUR.COM,Alimentación
COD SUBTE BUENOS AIRES,Transporte
METRO SANTIAGO APROOB549189,Transporte
FARMACIA BENAVIDES #684617,Salud
COMPRA POS PAGO PENSION UNIVERSIDAD,Educación
COMPRA ML*COMPRA PUEBLA,Compras
MAESTRO HOME CENTER BARRANQUILLA,Vivienda
FARMATODO APROB074438,Salud
OXXO LATAM,Alimentación
FERRETERIA EL TORNILLO STORE,Vivienda
PAGO SERV GASCO,Servicios
COMPRA DENTAL PLUS ROSARIO,Salud
CARGO RAPPI RESTAURANTE,Alimentación
WEB JUAN VALDEZ,Alimentación
COMPRA WEB ADMINISTRACION CONJUNTO RESIDENCIAL,Vivienda
WEB FERRETERIA EL TORNILLO,Vivienda
DAVIPLATA*JUANITO,Servicios
DB FARMACIA GUADALAJARA,Salud
STARBUCKS AUTORIZ 090765,Alimentación
REF NINTENDO ESHOP,Ocio
DENTAL PLUS TARJETA 5170,Salud
PAYLESS MASTERCARD,Compras
YAPE*RUTH,Alimentación
PAGO SERV FERRETERIA EL TORNILLO,Vivienda
DEB LIDER,Alimentación
CUOTA CONDOMINIO*995611,Vivienda
PAGO ONLINE ALIEXPRESS,Compras
COSTANERA CENTER MASTERCARD,Compras
COD AVIANCA,Transporte
MERCADO PAGO*JENNY 346571,Servicios
COMPRA BODYTECH GYM,Ocio
MERCADO SHOPS STORE,Compras
YOUTUBE PREMIUM MASTERCARD,Ocio
PAGO ONLINE PARAMOUNT PLUS,Ocio
PAGO ONLINE FERRETERIA EL TORNILLO,Vivienda
TEATRO MUNICIPAL #927767,Ocio
APP CODENSA,Servicios
CREPES WAFFLES REF133686,Alimentación
SEARS VISA,Compras
TRANSF A WALMART,Alimentación
PLAZA NORTE COD744142,Compras
NRO OP 039964 APPLE.COM,Compras
TAXI DATUM STORE,Transporte
TERPEL.COM,Transporte
COMPRA WEB LA COMER,Alimentación
INSTITUTO CIBERTEC QUERETARO,Educación
DOMINOS PIZZA*094743,Alimentación
AVIANCA #613733,Transporte
COD NORKYS,Alimentación
TELMEX INTERNET 23/02/24,Servicios
WEB NIKE STORE,Compras
PAGO SERV LIVERPOOL,Compras
KARAOKE BOX CHILE,Ocio
TRX MAPFRE SEGUROS,Servicios
POS CRUZ VERDE,Salud
SEDAPAL APROB610652,Servicios
WALMART LATAM,Alimentación
PAGO TERPEL,Transporte
LATAM AIRLINES LATAM,Transporte
CARGO CLARO,Servicios
TEATRO MUNICIPAL VISA,Ocio
DEB LA POSITIVA SEGUROS,Servicios
DIDI NUNOA,Transporte
PAGO ONLINE COMISION MANTENIMIENTO CUENTA,Servicios
SWISS MEDICAL SAN ISIDRO,Servicios
SURA SEGUROS MASTERCARD,Servicios
PEMEX LATAM,Transporte
WEB RIFA BENEFICA,Otros
PAGO PENSION UNIVERSIDAD AUTORIZ 280799,Educación
ONLINE PALACIO DE HIERRO,Compras
PLAZA NORTE MAR,Compras
POS TEMU,Compras
NRO OP 100788 SEARS,Compras
PAYLESS LATAM,Compras
LABORATORIO ROE AUTORIZ 510941,Salud
UNIVERSIDAD ANDES AUT808443,Educación
MERCADOLIBRE MX,Compras
UNIVERSIDADD ANDES #416981,Educación
CHINA WOK.COM,Alimentación
SIT MEDELLIN AUT555009,Transporte
ONLINE APPLE TV PLUS,Ocio
ONLINE CINEPOLIS,Ocio
MAX.COM COD191198,Ocio
DEB PAGO VARIOS,Otros
NINTENDO ESHOP AUTORIZ 488744,Ocio
AVIANCA TIJUANA,Transporte
RETIRO RIPLEY,Compras
POS SEDAPAL,Servicios
DEB LATAM AIRLINES,Transporte
TRX PETROPERU,Transporte
PAGO A TERCEROS TARJETA 7121,Otros
FARMACIAS DEL AHORRO OP015583,Salud
PAGO SERV ADMINISTRACION EDIFICIO,Vivienda
COMPRA POS MAKRO,Alimentación
WEB PAGO A TERCEROS,Otros
HOSPITAL ANGELES #103170,Salud
FERRETERIA EL TORNILLO MASTERCARD,Vivienda
ITUZAINGO PEAJE SAN ISIDRO,Transporte
CHEDRAUI #277610,Alimentación
TWITCH TARJETA 6665,Ocio
LIDER ARGENTINA,Alimentación
YAPE*DOMINGA,Alimentación
PAGO CONCIERTO LIVE NATION,Ocio
VEA SUPERMERCADO REF354106,Alimentación
COD INMOBILIARIA CENTURY21,Vivienda
COMPRA WEB POLLERIA NORKYS,Alimentación
MERCADO LIBRE MIRAFLORES,Compras
CINEPOLIS PE,Ocio
SUBTE BUENOS AIRES COD679170,Transporte
TRANSFERENCIA VARIOS STORE,Otros
APP CINEPOLIS,Ocio
COD IZZI TELECOM,Servicios
ENVIO WESTERN UNION #635647,Otros
DEB SANCOR SEGUROS,Servicios
BATA TARJETA 5952,Compras
DAVIPLATA*ASDRUBAL,Servicios
REF CRUZ DEL SUR,Transporte
EXITO AUTORIZ 616605,Alimentación
APP DIDI FOOD,Alimentación
DEBITO AUTOMATICO JUMBO,Alimentación
COMPRA INTL RIPLEY,Compras
DEBITO AUTOMATICO EDESUR,Servicios
COMPRA WEB CARULLA,Alimentación
COMISION INTERBANCARIA AUT418514,Servicios
SANCOR SEGUROS OP471727,Servicios
DB CLARO,Servicios
SALCOBRAND VISA,Salud
METRO CABA,Alimentación
COMPRA INTL TRANSFERENCIA VARIOS,Otros
PAGO HIPOTECARIO ROSARIO,Vivienda
COMPRA INTL NETFLIX.COM,Ocio
PARQUE EXPLORA OP736432,Ocio
CARGO PULL BEAR,Compras
VTR BUENOS AIRES,Servicios
POS ADIDAS STORE,Compras
REF BITEL,Servicios
AMAZON PRIME VIDEO REF718256,Ocio
ESTACIONAMIENTO VISA,Transporte
NRO OP 727648 PORTES BANCARIOS,Servicios
EDITORIAL SANTILLANA SAN ISIDRO,Educación
FARMACIA GUADALAJARA APROB052156,Salud
NINTENDO ESHOP SEP,Ocio
PLAZA VESTIR LIMA,Compras
CINE COLOMBIA TARJETA 0704,Ocio
ENVIO WESTERN UNION STORE,Otros
SURA SEGUROS LAS CONDES,Servicios
NEQUI*BERNARDO 318841,Servicios
CARGO BOLETERIA JOINNUS,Ocio
CARGO PARQUE DE LAS LEYENDAS,Ocio
PAGO BATA,Compras
MOVISTAR OP279398,Servicios
EDENOR MIRAFLORES,Servicios
REF PRIMAX,Transporte
7 ELEVEN COD483681,Alimentación
CLINICA RICARDO PALMA*592409,Salud
G500.COM,Transporte
HOSPITAL ANGELES CARTAGENA,Salud
COMPRA PALACIO DE HIERRO ROSARIO,Compras
ARA OP039576,Alimentación
BEAT COD331550,Transporte
SORIANA TARJETA 0689,Alimentación
SCOOTER MOVO*320253,Transporte
COMISION INTERBANCARIA LATAM,Servicios
FERIA DEL LIBRO STORE,Ocio
DEBITO AUOMATICO TOTTUS,Alimentación
CHINA TOWN SAN ISIDRO,Alimentación
TACO BELL REF591420,Alimentación
BATA VISA,Compras
RETIRO EXITO,Alimentación
PARKING PLUS AUTORIZ 088810,Transporte
WEB METRO DE LIMA,Transporte
TRX SUBTE BUENOS AIRES,Transporte
EDENOR APROB343535,Servicios
COMPRA INTL FARMATODO,Salud
REF MUNDO MARINO,Ocio
ONLINE TECNOLOGICO DE MONTERREY,Educación
LATAM AIRLINES AUTORIZ 415972,Transporte
PRESTO 25MAY,Alimentación
NRO OP 426829 G500,Transporte
OLIMPICA LA MOLINA,Alimentación
BOLETERIA JOINNUS #241089,Ocio
AMZN MKTPLACE CO,Compras
COMPRA WEBB TICKETMASTER,Ocio
COMPRA DONACION ONG PEREIRA,Otros
PAGO SERV COSTANERA CENTER,Compras
CEVICHERIA EL RINCON MIRAFLORES,Alimentación
COMPRA UDEMY,Educación
ESTACIONAMIENTO TARJETA 7771,Transporte
PAGO MATRICULA 10/07,Educación
APP COSTANERA CENTER,Compras
DEBITO AUTOMATICO NETFLIX.COM,Ocio
APP TELCEL,Servicios
DB WOM FIBRA,Servicios
SANITAS EPSS CHILE,Servicios
FARMACIA BENAVIDES.COM,Salud
LA REBAJA VIRTUAL VISA,Salud
REF EBAY,Compras
DEB COPA AIRLINES,Transporte
CFE TARJETA 2546,Servicios
REF WALMART,Alimentación
DEBITO AUTOMATICO LIDER,Alimentación
TRANSF A SUBWAY,Alimentación
PLAZAS EXITO ROPA 11MAY,Compras
ONLINE METRO CDMX,Transporte
APP PARDOS CHICKEN,Alimentación
BEAT LATAM,Transporte
TRANSF A D1,Alimentación
CARGO BUS EJECUTIVO,Transporte
NRO OP 937969 LABORATORIO CLINICO ROCHE,Salud
CEVICHERIA EL RINCON #315683,Alimentación
RETIRO BERSHKA,Compras
PAGO APPLE.COM,Compras
ONLINE VIVANDA,Alimentación
CODENSA ARGENTINA,Servicios
YPF AUTORIZ 690582,Transporte
HOMECENTER MIRAFLORES,Vivienda
LA POLAR LATAM,Compras
COMPRA INTL UBER TRIP,Transporte
AVANTEL MIRAFLORES,Servicios
PARDOS CHICKEN AUT485796,Alimentación
TRX MCDONALDS,Alimentación
POS PEDIDOSYA,Alimentación
ONLINE RIPLEY,Compras
CEVICHERIA EL RINCON*558940,Alimentación
TRANSF A NINTENDO ESHOP,Ocio
PAGO CERTIFICACION MASTERCARD,Educación
TICKETMASTER REF752586,Ocio
DEBITO AUTOMATICO BURGER KING,Alimentación
COMPRA POS TRANSMILENIO,Transporte
REF CENTRO MEDICO SAN FELIPE,Salud
REF EDENOR,Servicios
MERCADO SHOPS MAY,Compras
RETIRO COPA AIRLINES,Transporte
DEBITO AUTOMATICO PLAYCENTER,Ocio
AEROMEXICO*173321,Transporte
COMPRA WEB BEMBOS,Alimentación
PAGO SERV TWITCH,Ocio
G500 CCOD658481,Transporte
PLAZAS EXITO ROPA AUT969555,Compras
KARAOKE BOX OCT,Ocio
PAGO SERV DIDI,Transporte
REF PANADERIA SAN JORGE,Alimentación
REF FERIA DEL LIBRO,Ocio
CARGO RIPLEY,Compras
CARGO PAGO HIPOTECARIO,Vivienda
COPEC 23/01/24,Transporte
COMPRA POS NETFLIX.COM,Ocio
COMPRA TC SANITAS EPS,Servicios
SHELL VITACURA,Transporte
NINTENDO ESHOP LIMA,Ocio
SWISS MEDICAL 14JAN,Servicios
APP INMOBILIARIA CENTURY21,Vivienda
APPLE.COM #557089,Compras
DEB EBAY,Compras
CRISTAL PERU,Alimentación
DEB STEAM GAMES,Ocio
ALQUILER DEPARTAMENTO QR,Vivienda
COMPRA POS GIRO INTERNACIONAL,Otros
CODENSA AR,Servicios
DB JOCKEY PLAZA,Compras
DAVIPLATA*ARMANDO,Alimentación
AMAZON PRIME VIDEO MENDOZA,Ocio
COMPRA ADIDAS STORE PALERMO,Compras
CINE COLOMBIA AUTORIZ 197542,Ocio
PAGO DIDI FOOD,Alimentación
WEB MAKRO,Alimentación
COMPRA WEB CRISTAL,Alimentación
DUNKIN MAR,Alimentación
PETROPERU TIJUANA,Transporte
FARMACIA GUADALAJARA #833707,Salud
HOSPITAL ANGELES #191892,Salud
DEB FERRETERIA EL TORNILLO,Vivienda
COMPRA WEB ANTICUCHOS DON JORGE,Alimentación
HBO MAX STORE,Ocio
PARAMOUNT PLUS STORE,Ocio
FARMACIAS DEL AHORRO AUTORIZ 498321,Salud
REF LATAM AIRLINES,Transporte
PAGO TICKETMASTER,Ocio
OPTICA GMO 23-06-2025,Salud
IBERDROLA OP131498,Servicios
TRANSF A ANALISIS CLINICOS UNIDOS,Salud
PAGO ARRIENDO SAN ISIDRO,Vivienda
PERSONAL ARG COD956113,Servicios
REF CUOTA CONDOMINIO,Vivienda
PALACIO DE HIERRO VISA,Compras
AT&T MEXICO AUTORIZ 201390,Servicios
EBAY MASTERCARD,Compras
COMPRA HBO MAX,Ocio
MOVISTAR FIBRA MAY,Servicios
AMAZON MIRAFLORES,Compras
TEATRO MUNICIPAL AUTORIZ 170834,Ocio
PARQUE ARAUCO OP815675,Compras
COMPRA INTL SWISS MEDICAL,Servicios
COMPRA INTL PULL BEAR,Compras
ANALISIS CLINICOS UNIDOS AUT501131,Salud
PAGO SERV AGUAS ANDIAS,Servicios
COMPRA TC EDENOR,Servicios
AMAZON PRIME VIDEO COD740233,Ocio
PLAZA VEA SHOP VISA,Compras
PAGO ONLINE JUMBO,Alimentación
PAGO SERV BURGER KING,Alimentación
NINTENDO ESHOP QR,Ocio
NRO OP 892791 PLATZI,Educación
GIRRO INTERNACIONAL PE,Otros
PLAZA VESTIR TARJETA 3325,Compras
CLARO SHOP 11-02-2025,Compras
RETIRO TECNOLOGICO DE MONTERREY,Educación
ZARA APROB315226,Compras
SHELL AR,Transporte
ONLINE CLINICA SHAIO,Salud
SEARS COD344386,Compras
TRX CRUZ VERDE,Salud
AMAZON COYOACAN,Compras
PARAMOUNT PLUS LIMA,Ocio
RAPPI RESTAURANTEE OP307133,Alimentación
WEB EDENOR,Servicios
REF CABIFY,Transporte
COMISION MANTENIMIENTO CUENTA SAN ISIDRO,Servicios
POS FERRETERIA EL TORNILLO,Vivienda
SPOTIFY APROB798195,Ocio
IBERDROLA #686251,Servicios
APP YPF,Transporte
CARGO KARAOKE BOX,Ocio
COMPRA H&M CALLAO,Compras
FARMACIA BENAVIDES ATAM,Salud
TWITCH REF409837,Ocio
SEDAPAL 24/04/24,Servicios
DEBITO AUTOMTAICO CONSULTORIO DENTAL SONRIE,Salud
DEPOSITO VARIOS VISA,Otros
WEB OPTICA GMO,Salud
CINE COLOMBIA VISA,Ocio
COPPEL AUT171158,Compras
STARBUCKS AUT037131,Alimentación
COMPRA CABIFY BARRANQUILLA,Transporte
MODO*ÁNGELA,Alimentación
FRISBY AUT818800,Alimentación
APP DENTAL PLUS,Salud
MOVISTAR AR,Servicios
APP PLAZAS EXITO ROPA,Compras
CUOTA CONDOMINIO TARJETA 6205,Vivienda
ENEX AGO,Transporte
COMPRA INTL TEATRO MUNICIPAL,Ocio
SHEIN LATAM,Compras
AMZN MKTPLACE*736120,Compras
AMAZON PE,Compras
COMPRA WEB ENEX,Transporte
DEBITO AUTOMATICO CEVICHERIA EL RINCON,Alimentación
NRO OP 263687 VIVANDA,Alimentación
SAGA FALABELLA 04/05,Compras
COMPRA WEB UBER TRIP,Transporte
WEB CENTRO MEDICO SAN FELIPE,Salud
COMPRA TOTTUS MAR DEL PLATA,Alimentación
MUSEO INTERACTIVO MASTERCARD,Ocio
CARGO OPTICA GOM,Salud
TRX DEEZER,Ocio
UNIVERSIDAD PACIFICO LIMA,Educación
ONLINE ADIDAS STORE,Compras
ML*COMPRA.COM,Compras
CRUZ VERDE PE,Salud
LIVERPOOL #159973,Compras
BODYTECH GYM OP707716,Ocio
POS IN DRIVER,Transporte
COMPRA COTO LA PLATA,Alimentación
PAGO SERV BITEL,Servicios
ENEL AGO,Servicios
POS CHEDRAUI,Alimentación
DAVIPLATA*DANI,Alimentación
NRO OP 009274 COMISION MANTENIMIENTO CUENTA,Servicios
PAGO ARRIENDO AUTORIZ 436523,Vivienda
TEMU APROB075449,Compras
DEB COPPEL,Compras
NRO OP 949159 REPSOL,Transporte
FALABELLA STORE,Compras
REF VIVANDA,Alimentación
APP FARMATODO,Salud
NRO OP 796136 JUAN VALDEZ,Alimentación
DEB IZZI TELECOM,Servicios
PRESTO COD813591,Alimentación
ENEX LATAM,Transporte
COMPRA POS AJUSTE CONTABLE,Otros
PALACIO DE HIERRO LIMA,Compras
NRO OP 158560 SPOTIFY,Ocio
COMPRA INTL SHEIN,Compras
TRANSF A BODYTECH GYM,Ocio
PARQUE EXPLORA OP648234,Ocio
HBO MAX*671277,Ocio
COMPRA AEROMEXICO MONTERREY,Transporte
COMPRA TC KFC,Alimentación
CMPRA AVIANCA,Transporte
PAGO ONLINE PALACIO DE HIERRO,Compras
COMPRA INTL PLATZI,Educación
WEB APPLE TV PLUS,Ocio
PAGO PENSION UNIVERSIDAD MX,Educación
COMPRA HBO MAX LA PLATA,Ocio
PULL BEAR OP188296,Compras
TRX PEDIDOSYA,Alimentación
TERPEL PALERMO,Transporte
NEQUI*ILDEFONSO,Alimentación
COMPRA WEB CINEMARK,Ocio
DEB COOMEVA EPS,Servicios
COMPRA POS SANTA ISABEL,Alimentación
COMPRA TC AMAZON,Compras
HOSPITAL ITALIANO QR,Salud
PETROPERU SAN ISIDRO,Transporte
COMPRA INTL BURGER KING,Alimentación
COMPRA TC EDESUR,Servicios
SHELL SAN ISIDRO,Transporte
TERPEL AUTORIZ 394226,Transporte
DB CINEPALNET,Ocio
HOMECENTER SAN ISIDRO,Vivienda
RETIRO LABORATORIO ROE,Salud
DB WALMART,Alimentación
PLATZI VISA,Educación
DEBITO AUTOMATICO SEGUROS BOLIVAR,Servicios
ONLINE MASSIMO DUTTI,Compras
COMPRA POS APPLE.COM,Compras
COMPRA POS CINE COLOMBIA,Ocio
ONLINE CARREFOUR,Alimentación
PARAMOUNT PLUS OP158140,Ocio
EBAY REF700301,Compras
FRISBY PE,Alimentación
PAGO CERTIFICACION MX,Educación
PAGO GIRO INTERNACIONAL,Otros
COURSERA COD332663,Educación
COMPRA TC AVIANCA,Transporte
POS SPOTIFY,Ocio
TRX MUSEO INTERACTIVO,Ocio
YOUTUBE PREMIUM SAN ISIDRO,Ocio
AVANTEL APROB889552,Servicios
EL CORRAL CALI,Alimentación
NIKE STORE AUT835587,Compras
ZARA OP422863,Compras
COMPRA POS AMAZON,Compras
COMPRA TC PAGO ARRIENDO,Vivienda
PANADERIA SAN JORGE MASTERCARD,Alimentación
COMPRA POS ENEX,Transporte
MERCADO SHOPS*149526,Compras
CUOTA CONDOMINIO AUT787579,Vivienda
PEAJE RUTA APROB216614,Transporte
COMPRA AVIANCA TIJUANA,Transporte
BAR EL BOTIJON 14/09/24,Ocio
LA COMER #695900,Alimentación
DB YOUTUBE PREMIUM,Ocio
PLAYSTATION STORE VISA,Ocio
JUMBO SAN ISIDRO,Alimentación
CLARO INTERNET MASTERCARD,Servicios
CABIFY SAN ISIDRO,Transporte
GAS NATURAL MIRAFLORES,Servicios
EBAY LA PLATA,Compras
PAGO LIDER,Alimentación
NRO OP 580285 H&M,Compras
EASY CONSTRUCCION MIRAFLORES,Vivienda
CREPES WAFFLES COD694108,Alimentación
CARGO MERCADO SHOPS,Compras
RETIRO HBO MAX,Ocio
NRO OP 929530 CHILIS,Alimentación
VEA SUPERMERCADO #567066,Alimentación
DENTAL PLUS MX,Salud
GAS NATURAL LIMA,Servicios
TEMU VISA,Compras
NRO OP 633238 MCDONALDS,Alimentación
DB PETROPERU,Transporte
COMPRA POS EXITO,Alimentación
GYM SMARTFIT VISA,Ocio
BUS EJECUTIVO NOV,Transporte
BAR EL BOTIJON TARJETA 5474,Ocio
COD CHINA WOK,Alimentación
APP COMISION MANTENIMIENTO CUENTA,Servicios
TRANSFERENCIA VARIOS LIMA,Otros
DIA TARJETA 8247,Alimentación
NORKYS QR,Alimentación
SHELL LATAM,Transporte
CABIFY MIRAFLORES,Transporte
DB OXXO,Alimentación
LA POLAR APROB024112,Compras
ICPNA MIRAFLORES,Educación
ENVIO WESTERN UNION AUTORIZ 400486,Otros
DEBITO AUTOMATICO FERIA DEL LIBRO,Ocio
PAGO ONLINE MOVISTAR,Servicios
TACO BELL PE,Alimentación
DB SPOTIFY,Ocio
REPSOL #988315,Transporte
DEB ENEL,Servicios
TRANSF A KFC,Alimentación
TEATRO MUNICIPAL MAY,Ocio
TELMEX INTERNET*926658,Servicios
SUBWAY OP935414,Alimentación
REPSOL AUT535172,Transporte
COMPRA SURA SEGUROS,Servicios
APP CREPES WAFFLES,Alimentación
TWITCH MIRAFLORES,Ocio
COMPRA POS SUBWAY,Alimentación
LIVERPOOL MASTERCARD,Compras
LIBRERIA GANDHI LIMA,Educación
COMPRA BEMBOS PROVIDENCIA,Alimentación
RETIRO CENTRO MEDICO SAN FELIPE,Salud
CHILIS REF190947,Alimentación
ML*COMPRA LIMA,Compras
TRX CINEPOLIS,Ocio
MERCADO PAGO*NICODEMO,Alimentación
GYM SMARTFIT 11/07/24,Ocio
CENCOSUD VISA,Compras
TOTTUS.COM,Alimentación
POS SWISS MEDICAL,Servicios
STARBUCKS 09/01/24,Alimentación
INMOBILIARIA CENTURY21 AUTORIZ 843701,Vivienda
WEB CLARO SHOP,Compras
TRANSANTIAGO QR,Transporte
PLAZA VEA AUTORIZ 689804,Alimentación
ONLINE AJUSTE CONTABLE,Otros
ONLINE DONACION ONG,Otros
SODIMAC CONSTRUCCION REF812540,Vivienda
HOSPITAL ITALIANO LATAM,Salud
REF MOVISTAR,Servicios
TRANSF A YPF,Transporte
TACO BELL*751628,Alimentación
COMPRA APPLE TV PLUS,Ocio
COMPRA WEB PRESTO,Alimentación
COMPRA POS AUTOPISTA NORTE,Transporte
REF TAXI DATUM,Transporte
COMPRA INTL ADIDAS STORE,Compras
CROSSFIT BOX VISA,Ocio
METRO CDMX COD185895,Transporte
RETIRO CHINA TOWN,Alimentación
FERIA DEL LIBRO REF405253,Ocio
SORIANA APROB341714,Alimentación
PAGO SERV ESTACIONAMIENTO,Transporte
DEB LAZA VESTIR,Compras
BEAT AUT538384,Transporte
APP FARMACIAS DEL AHORRO,Salud
PLATZI*314746,Educación
MOVISTAR VISA,Servicios
COMPRA POS TEATRO MUNICIPAL,Ocio
COMPRA IBERDROLA,Servicios
APP METRO SANTIAGO,Transporte
POS MAKRO,Alimentación
AUTOPISTA NORTE TARJETA 5277,Transporte
REF KARAOKE BOX,Ocio
SAGA FALABELLA SAN ISIDRO,Compras
COMPRA WEB ZARA,Compras
TRX ADMINISTRACION CONJUNTO RESIDENCIAL,Vivienda
NRO OP 327014 DIDI,Transporte
DEPOSITO VARIOS OP074757,Otros
EXITO SAN ISIDRO,Alimentación
PALACIO DE HIERRO JUN,Compras
JUAN VALDEZ ARRGENTINA,Alimentación
DB PRESTO,Alimentación
CLINICA SANNA JUN,Salud
COMPRA INTL TACO BELL,Alimentación
LABORATORIO CLINICO ROCHE VISA,Salud
PAGO ONLINE REPSOL,Transporte
APP ICPNA,Educación
HBO MAX LATAM,Ocio
COD TAXI DATUM,Transporte
APP CHILIS,Alimentación
ALIEXPRESS OCT,Compras
NEQUI*TOMASA,Servicios
EDESUR DIC,Servicios
FARMACIA GUADALAJARA PE,Salud
TRANSF A EDESUR,Servicios
COURSERA CL,Educación
APP BEMBOS,Alimentación
UBER TRIP PE,Transporte
PLAZA VEA AUTORIZ 481146,Alimentación
MAKRO FEB,Alimentación
BEAT #797996,Transporte
PAGO SAGA FALABELLA,Compras
PLAZA VESTIR #850738,Compras
SPOTIFY VISA,Ocio
COPA AIRLINES LIMA,Transporte
ALQUILER DEPARTAMENTO #136863,Vivienda
PLAZA NORTE LATAM,Compras
COD PRIMAX,Transporte
COMPRA LA REBAJA VIRTUAL,Salud
DEB CRUZ VERDE,Salud
COPPLE MIRAFLORES,Compras
ONLINE CHILIS,Alimentación
DB WONGG,Alimentación
AMAZON VISA,Compras
COMPRA INTL ZARA,Compras
PAGO ONLINE FARMACIA SIMILARES,Salud
PAGO ONLINE PLAZA VEA,Alimentación
TRANSF A COMISION MANTENIMIENTO CUENTA,Servicios
SWISS MEDICAL JUL,Servicios
NRO OP 759924 FARMACIA SIMILARES,Salud
COMPRA MIFARMA TOLUCA,Salud
DB DEEZER,Ocio
ONLINE PLAYSTATION STORE,Ocio
CHEDRAUI MAR,Alimentación
APPLE TV PLUS SAN ISIDRO,Ocio
ANALISIS CLINICOS UNIDOS AUTORIZ 106994,Salud
FARMATODO OP077646,Salud
ENTEL STORE,Servicios
GAS NATURAL TARJETA 9162,Servicios
AMZN MKTPLACE 31/01/24,Compras
GAS NATURAL*924548,Servicios
RIPLEY SAN ISIDRO,Compras
PAGO ONLINE PEMEX,Transporte
IN DRIVER*417055,Transporte
TRX TICKETMASTER,Ocio
AVANTEL APROB330771,Servicios
DB TIGO,Servicios
CRUZ DEL SUR LIMA,Transporte
APPLE.COM OP548199,Compras
GAS NATURAL ARGENTINA,Servicios
BITEL APROB761034,Servicios
COMPRA FARMACIA BENAVIDES BARRANQUILLA,Salud
BEAT MASTERCARD,Transporte
CEVICHERIA EL RINCON AUT391761,Alimentación
TAXI DATUM.COM,Transporte
REF BUS EJECUTIVO,Transporte
SURA SEGUROS OP968609,Servicios
SCOOTER MOVO COD404113,Transporte
COMPRA POS BURGER KING,Alimentación
ITUZAINGO PEAJE CO,Transporte
MERCADO PAGO*SALVADOR,Alimentación
PLAZA VEA SHOP STORE,Compras
DB MASSIMO DUTTI,Compras
NRO OP 793658 SUBTE BUENOS AIRES,Transporte
REF LUZ DEL SUR,Servicios
FARMACIA INKAFARMA APROB445197,Salud
UBER EATS.COM,Alimentación
CINEMARK APROB498731,Ocio
TRANSMILENIO SAN ISIDRO,Transporte
REF AUTOPISTA NORTE,Transporte
CARREFOUR MIRAFLORES,Alimentación
CARGO WALMART,Alimentación
GAS NATURAL VISA,Servicios
YPF BUCARAMANGA,Transporte
INDRIVE 05/03/25,Transporte
WOM FIBRA AUT521681,Servicios
MCDONALDS*616253,Alimentación
PARQUE EXPLORA SAN ISIDRO,Ocio
MERCADO LIBRE GUADALAJARA,Compras
CASA DE CAMBIO APROB273617,Otros
TRANSF A TRANSFERENCIA VARIOS,Otros
COMPRA ENEL,Servicios
LABORATORIO ROE OCT,Salud
COMPRA POS ENTEL,Servicios
ONLINE FARMACIA INKAFARMA,Salud
PAGO ARRIENDO COD479902,Vivienda
DOMIINOS PIZZA MAY,Alimentación
CARULLA AUT177503,Alimentación
AUTOPISTA NORTE*437449,Transporte
GASCO CHICLAYO,Servicios
MOVISTAR FIBRA MASTERCARD,Servicios
COMPRA WEB MCDONALDS,Alimentación
ZARA CL,Compras
COD TELMEX INTERNET,Servicios
PRESTO AUTORIZ 306635,Alimentación
COTO #808020,Alimentación
SODIMAC CONSTRUCCION*578704,Vivienda
RETIRO TRANSMILENIO,Transporte
GASCO LIMA,Servicios
MANTTO CONJUNTO VISA,Vivienda
PAGO VARIOS TARJETA 7710,Otros
KFC VISA,Alimentación
PAGO SERV COMISION INTERBANCARIA,Servicios
SPORTLIFE GYM COD508644,Ocio
DEBITO AUTOMATICO CREDITO VIVIENDA,Vivienda
TRANSF A CARREFOUR,Alimentación
WEB METRO CDMX,Transporte
SALCOBRAND SAN ISIDRO,Salud
MERCADO PAGO*CARIDAD,Alimentación
NRO OP 849385 ADMINISTRACION EDIFICIO,Vivienda
WONG TARJETA 7562,Alimentación
CARGO COPPEL,Compras
DEBITO AUTOMATICO CRISTAL,Alimentación
REF D1,Alimentación
ARA MIRAFLORES,Alimentación
ONLINE STEAM GAMES,Ocio
METRO SANTIAGO LATAM,Transporte
REF H&M,Compras
COMPRA INTL MCDONALDS,Alimentación
PRIMAX REF202965,Transporte
PLIN*MARTIRIO,Servicios
NEQUI*JUDITH 761632,Alimentación
DIA AUTORIZ 350267,Alimentación
RIFA BENEFICA LIMA,Otros
MAESTRO HOME CENTER AUTORIZ 418614,Vivienda
COMPRA EL CORRAL COYOACAN,Alimentación
VEA SUPERMERCADO*241963,Alimentación
AJUSTE CONTABLE LATAM,Otros
SALCOBRAND QR,Salud
FARMACIAS DEL AHORRO COD885670,Salud
EDENOR PE,Servicios
EXITO ARGETNINA,Alimentación
AEROMEXICO AUT602837,Transporte
COMPRA INTL HOSPITAL ITALIANO,Salud
NRO OP 900651 RIPLEY,Compras
TRX AT&T MEXICO,Servicios
VTR COLOBIA,Servicios
EDENOR LATAM,Servicios
APP CONSULTORIO DENTAL SONRIE,Salud
CARGO TECNOLOGICO DE MONTERREY,Educación
WEB IBERDROL,Servicios
SODIMAC CONSTRUCCION.COM,Vivienda
COMPRA FARMACIA BENAVIDES CUSCO,Salud
BERSHKA #426210,Compras
APP PAYLESS,Compras
WEB STARBUCKS,Alimentación
RETIRO ADMINISTRACION CONJUNTO RESIDENCIAL,Vivienda
PAGO CLARO SHOP,Compras
CARGO BERSHKA,Compras
BEAT AUTORIZ 397510,Transporte
PAGO SERV IZZI TELECOM,Servicios
IBERDROLA AUT610178,Servicios
COMPRA EDENOR CABA,Servicios
TRANSF A IZZI TELECOM,Servicios
ALLIANZ SEGUROS LATAM,Servicios
ENEL APROB771216,Servicios
DB ENEL,Servicios
BUS EJECUTIVO TARJETA 2904,Transporte
CENTRO MEDICO SAN FELIPE STORE,Salud
JUMBO APROB367478,Alimentación
MERCADO PAGO*HÉCTOR,Alimentación
NRO OP 981673 TECNOLOGICO DE MONTERREY,Educación
TRANSMILENIO AUT814272,Transporte
NEQUI*ANUNCIACIÓN 114893,Servicios
CHINA WOK MIRAFLORES,Alimentación
DUNKIN AUTORIZ 899298,Alimentación
PERSONAL ARG LIMA,Servicios
BERSHKA TARJETA 2100,Compras
PAGO SERV PARQUE DE LAS LEYENDAS,Ocio
COMPRA WEB SANTA FE MALL,Compras
COMPRA WEB SIT MEDELLIN,Transporte
LA POLAR MASTERCARD,Compras
DEBITO AUTOMATICO KFC,Alimentación
COD BEAT,Transporte
UBER EATS VISA,Alimentación
NRO OP 196159 JUAN VALDEZ,Alimentación
CASA DE CAMBIO STORE,Otros
FARMACIA INKAFARMA #392411,Salud
COMPRA POS ENEL,Servicios
AMAZON PRIME VIDEO VISA,Ocio
COD LA POLAR,Compras
ADIDAS STORE AR,Compras
NRO OP 123006 CRISTAL,Alimentación
COMPRA FARMACIAS DEL AHORRO,Salud
POS AL POLAR,Compras
ONLINE SWISS MEDICAL,Servicios
COMPRA SURA SEGUROS CARTAGENA,Servicios
RETIRO ANALISIS CLINICOS UNIDOS,Salud
POS CINE COLOMBIA,Ocio
ONLINE AMAZON,Compras
BAR EL BOTIJON FEB,Ocio
FARMACIA BENAVIDES FEB,Salud
PAGO HIPOTECARIO SAN ISIDRO,Vivienda
MERCADO SHOPS QR,Compras
REF SANTA FE MALL,Compras
BUS EJECUTIVO*709779,Transporte
REF PARQUE ARAUCO,Compras
OXXO MASTERCARD,Alimentación
MOVISTAR FIBRA MAR,Servicios
ENTEL 10-08-2024,Servicios
TOTTUS CHILE #622225,Alimentación
MODO*MARICELA,Servicios
COMPRA WEB CODENSA,Servicios
DEB KARAOKE BOX,Ocio
WEB VTR,Servicios
FARMACIA GUADALAJARA LATAM,Salud
COMPRA POS EBAY,Compras
NEQUI*BRUNO,Servicios
RIPLEY AUTORIZ 304016,Compras
EDENOR 08/04/25,Servicios
COMPRA BURGER KING,Alimentación
ZARA AUTORIZ 184559,Compras
COMPRA HBO MAX CONCEPCION,Ocio
PAGO CHINA TOWN,Alimentación
PRESTO STORE,Alimentación
WEB PLAZA VEA,Alimentación
SAGA FALABELLA TARJETA 1784,Compras
CRUZ DEL SUR AUT894739,Transporte
UNIMARC AUTORIZ 518775,Alimentación
POS EBAY,Compras
COMPRA WEB ITUZAINGO PEAJE,Transporte
LABORATORIO ROE OP452344,Salud
BERSHKA QR,Compras
PAGO MANTTO CONJUNTO,Vivienda
COMPRA CEVICHERIA EL RINCON,Alimentación
PAGO SERV SEGUROS BOLIVAR,Servicios
TRANSF A COMISION INTERBANCARIA,Servicios
ONLINE ITUZAINGO PEAJE,Transporte
NRO OP 674158 PLAZA NORTE,Compras
MASSIMO DUTTI ENE,Compras
COD PRESTO,Alimentación
NEQUI*NOÉ 891377,Servicios
TRANSF A BITEL,Servicios
TRX COPA AIRLINES,Transporte
PAGO DOMINOS PIZZA,Alimentación
COMPRA INTL DENTAL PLUS,Salud
TRX DISCO,Alimentación
COURSERA AUTORIZ 625735,Educación
COMPRA TC TRANSMILENIO,Transporte
WEB ENEX,Transporte
TWITCH MX,Ocio
CARULLA AUTORIZ 789117,Alimentación
CLINICA RICARDO PALMA.COM,Salud
COMPRA WEB PEMEX,Transporte
RETIRO LIBRERIA CRISOL,Educación
DEB LABORATORIO CLINICO ROCHE,Salud
LABORATORIO ROE STORE,Salud
DAVIPLATA*FERNANDA,Alimentación
AGGUAS ANDINAS QR,Servicios
CENTRO MEDICO SAN FELIPE TARJETA 5128,Salud
COMPRA POS TELCEL,Servicios
LABORATORIO ROE*521195,Salud
MOOD*PAZ,Servicios
POS SALCOBRAND,Salud
CEVICHERIA EL RINCON LIMA,Alimentación
APP METRO,Alimentación
MAESTRO HOME CENTER QR,Vivienda
PLAZA VEA REF724491,Alimentación
AMZN MKTPLACE VISA,Compras
CRUZ VERDE*290235,Salud
SCOOTER MOVO QR,Transporte
COMPRA POS G500,Transporte
COD DISNEY PLUS,Ocio
MOVISTAR*790772,Servicios
FARMACIA SIMILARES.COM,Salud
LA COMER JUN,Alimentación
KARAOKE BOX MX,Ocio
WEB EXITO,Alimentación
COD PEMEX,Transporte
PRIMAX AUTORIZ 902275,Transporte
DEBITO AUTOMATICO OECHSLE,Compras
CARGO CLINICA SANNA,Salud
DOMINOOS PIZZA APROB633487,Alimentación
DEB PARAMOUNT PLUS,Ocio
COMPRA PARQUE ARAUCO,Compras
WEB AUTOPISTA NORTE,Transporte
MIFARMA APROB791197,Salud
PLIN*RAÚL 891297,Servicios
PAGO SERV PAGO VARIOS,Otros
TACO BELL QR,Alimentación
PARQUE DE LAS LEYENDAS STORE,Ocio
COPEC COD158748,Transporte
PAGO ARRIENDO REF734925,Vivienda
COMPRA INTL CLINICA LAS AMERICCAS,Salud
COMPRA INTL CINEMARK,Ocio
ICPNA COD499316,Educación
DEB SHEIN,Compras
PAPA JOHNS PERU,Alimentación
TRANSF A BERSHKA,Compras
TRANSF A FARMACIA INKAFARMA,Salud
COMPRA INTL OECHSLE,Compras
OPTICA LA INES LATAM,Salud
ONLINE BAR EL BOTIJON,Ocio
BATA VISAA,Compras
ENEX*131718,Transporte
ADIDAS STORE QR,Compras
EBAY #046241,Compras
TRANSF A YOUTUBE PREMIUM,Ocio
PORTES BANCARIOS MIRAFLORES,Servicios
AMZN MKTPLACE AUT121495,Compras
PAGO ONLINE PAGO HIPOTECARIO,Vivienda
LIBRERIA CRISOL MIRAFLORES,Educación
WOM FIBRA SAN ISIDRO,Servicios
COMPRA INTL CLINICA SANNA,Salud
LATAM AIRLINES VISA,Transporte
FARMACIA BENAVIDES MIRAFLORES,Salud
COMPRA TELMEX INTERNET,Servicios
COMPRA POS VEA SUPERMERCADO,Alimentación
NRO OP 226011 KARAOKE BOX,Ocio
CINEPLANET LIMA,Ocio
TRX PARQUE ARAUCO,Compras
COMPRA CLINICA SANNA SURCO,Salud
PLIN*MÓNICA 471018,Servicios
PARQUE EXPLORA AUTORIZ 744215,Ocio
SEARS APROB277996,Compras
PAGO SERV MERCADO LIBRE,Compras
TELCEL AUT947125,Servicios
COD MOVISTAR,Servicios
WEB COMISION INTERBANCARIA,Servicios
ZARA LATAM,Compras
METRO CDMX JUN,Transporte
ONLINE ZARA,Compras
COMPRA BURGER KING BUCARAMANGA,Alimentación
CREPES WAFFLES.COM,Alimentación
COMISION INTERBANCARIA STORE,Servicios
COMPRA TC MERCADO LIBRE,Compras
WEB SEARS,Compras
DISNEY PLUS PERU,Ocio
COPPEL TARJETA 0100,Compras
COOMEVA EPS VISA,Servicios
PLIN*SARA 822139,Servicios
PAGO SERV FARMACIAS DEL AHORRO,Salud
APP EASY CONSTRUCCION,Vivienda
PAGO SERV PLAZAS EXITO ROPA,Compras
PAGO SERV BERHSKA,Compras
AVANTE LIMA,Servicios
VAIANCA COD592021,Transporte
TRX SODIMAC CONSTRUCCION,Vivienda
PRESTO APROB471966,Alimentación
LIDER APROB079984,Alimentación
EASY CONSTRUCCION OP140121,Vivienda
MIFARMA SAN ISIDRO,Salud
RETIRO KARAOKE BOX,Ocio
DEBITO AUTOMATICO COPA AIRLINES,Transporte
EDENOR AUT902060,Servicios
MODO*CALISTO,Otros
PAGO PENSION COLEGIO LIMA,Educación
SURA SEGUROS LATAM,Servicios
NEQUI*CHUCHO,Alimentación
APP SAGA FALABELLA,Compras
WEB FARMACIA INKAFARMA,Salud
CREDITO VIVIENDA AUTORIZ 364844,Vivienda
COMPRA TC EL CORRAL,Alimentación
RETIRO CAJERO STORE,Otros
JUAN VALDEZ OP622984,Alimentación
PARAMOUNT PLUS 05/01,Ocio
CLINICA RICARDO PALMA COD969987,Salud
YAPE*CLAUDIA 389306,Alimentación
PAGO ONLINE NETFLIX.COM,Ocio
PLAYSTATION STORE PE,Ocio
DEB WALMART,Alimentación
FARMACIAS DEL AHORRO COD724439,Salud
PAGO ONLINE FARMACIA BENAVIDES,Salud
MERCADO LIBRE REF294879,Compras
DEBITO AUTOMATICO SPORTLIFE GYM,Ocio
RAPPI RESTAURANTE CDMX,Alimentación
AVANTEL TARJETA 5069,Servicios
APP PUMA ENERGY,Transporte
WOM FIBRA AUTORIZ 621816,Servicios
IZZI TELECOM LATAM,Servicios
PAGO PENSION UNIVERSIDAD TARJETA 3902,Educación
NINTENDO ESHOP 01-05-2024,Ocio
YAPE*JOSE MIGUEL,Otros
REF TELCEL,Servicios
CRISTAL*950990,Alimentación
ALQUILER DEPARTAMENOT ABR,Vivienda
TRANSF A MAX.COM,Ocio
COMISION INTERBANCARIA COD858214,Servicios
ENVIO WESTERN UNION SAN ISIDRO,Otros
DISNEY PLUS.COM,Ocio
LA POLAR COLOMBIA,Compras
OXXO REF349864,Alimentación
DISCO #981894,Alimentación
WONG PERU,Alimentación
COMPRA WEB EL CORRAL,Alimentación
PEAJE RUTA OP837366,Transporte
PAGO SERV TIGO,Servicios
ML*COMPRA #518137,Compras
RETIRO DEPOSITO VARIOS,Otros
COMPRA WEB TACO BELL,Alimentación
STARBUCKS COD883187,Alimentación
DIDI QR,Transporte
PLIN*SONIA,Servicios
PROMART HOME CENTER OP488273,Vivienda
DENTAL PLUS AUT682049,Salud
EL CORRAL LIMA,Alimentación
FARMATODO SAN ISIDRO,Salud
RETIRO APPLE.COM,Compras
DEB JOCKEY PLAZA,Compras
POS EL CORRAL,Alimentación
PRIMAX AUTORIZ 500796,Transporte
POS AMAZON PRIME VIDEO,Ocio
PETTROPERU*769391,Transporte
PAGO CERTIFICACION.COM,Educación
BEAT #039283,Transporte
DEBITO AUTOMATICO TOTTUS,Alimentación
STARBUCKS COD048379,Alimentación
PLAYCENTER VISA,Ocio
OPTICA LA INES SAN ISIDRO,Salud
RAPPI RESTAURANTE APROB808165,Alimentación
CLINICA SHAIO AUT192879,Salud
CARGO CEVICHERIA EL RINCON,Alimentación
COMPRA POS TWITCH,Ocio
DIDI FOOD TARJETA 9925,Alimentación
POS PLAZA VEA,Alimentación
PAGO ONLINE CHILIS,Alimentación
TWITCH AUT591088,Ocio
DAVIPLATA*DIONISIA 608192,Otros
POS PARQUE ARAUCO,Compras
MODO*ANA,Servicios
DB PUMA ENERGY,Transporte
COMPRA TC GASCO,Servicios
NRO OP 011003 INDRIVE,Transporte
MERCADO PAGO*NOA,Alimentación
COMPRA RIMAC SEGUROS MENDOZA,Servicios
DB LA POLAR,Compras
RETIRO KFC,Alimentación
HBO AMX AUT407279,Ocio
DB TRUPER FERRETERIA,Vivienda
NRO OP 762983 SODIMAC CONSTRUCCIN,Vivienda
UNIVERSIDAD ANDES QR,Educación
PAGO ONLINE PAGO A TERCEROS,Otros
TIGO.COM,Servicios
PAPA JOHNS COD559768,Alimentación
COMPRA POS ANALISIS CLINICOS UNIDOS,Salud
TRANSMILENIO COD150441,Transporte
POS VIVANDA,Alimentación
WEB PETROPERU,Transporte
DEBITO AUTOMATICO PROMART HOME CENTER,Vivienda
MOVISTAR QR,Servicios
TOTTUS CARTAGENA,Alimentación
APP DISNEY PLUS,Ocio
REPSOL QR,Transporte
INDRIVE AUTORIZ 705767,Transporte
DUOLINGO PLUS SAN ISIDOR,Educación
SUBTE BUENOS AIRES COD524611,Transporte
WEB ALIEXPRESS,Compras
GYM SMARTFIT AUT194441,Ocio
TOTTUS CHILE AUTORIZ 836010,Alimentación
CINEMARK STORE,Ocio
SORTEO LOTERIA COD508725,Otros
NRO OP 944626 COSTANERA CENTER,Compras
CLINICA LAS AMERICAS MONTERREY,Salud
PAGO HIPOTECARIO COD060098,Vivienda
RETIRO AUTOPISTA NORTE,Transporte
TRX CARULLA,Alimentación
SCOOTER MOVO REF050211,Transporte
DEB NINTENDO ESHOP,Ocio
VIVANDA*795997,Alimentación
DEBITO AUTOMATICO COPEC,Transporte
PLIN*GREGORIO,Alimentación
CEVICHERIA EL RINCON MASTERCARD,Alimentación
LA POLAR TARJETA 8839,Compras
COMPRA TC SANTA FE MALL,Compras
DENTAL PLUS TARJETA 4921,Salud
PAGO KARAOKE BOX,Ocio
SEDAPAL NOV,Servicios
REF CLARO,Servicios
FARMACIA GUADALAJARA LIMA,Salud
NRO OP 024192 LA POSITIVA SEGUROS,Servicios
PLAZA VESTIR LATAM,Compras
LATAM AIRLINES REF037972,Transporte
H&M CHILE,Compras
PAGO EXITO,Alimentación
PAGO ARRIENDO TARJETA 8402,Vivienda
SUBTE BUENOS AIRES COD230231,Transporte
COMPRA PLAYCENTER PUEBLA,Ocio
MODO*EZEQUIEL,Servicios
RETIRO PLAZA NORTE,Compras
COD RETIRO CAJERO,Otros
COMPRA POS EDENOR,Servicios
AT&T MEXICO*766125,Servicios
COMPRA POS H&M,Compras
PAGO SERV MUSEO INTERACTIVO,Ocio
JOCKEY PLAZA AUTORIZ 423217,Compras
SEDAPAL MASTERCARD,Servicios
ADMINISTRACION CONJUNTO RESIDENCIAL 12-04-2025,Vivienda
RILEY.COM,Compras
DB NORKYS,Alimentación
VIVANDA MASTERCARD,Alimentación
PLATZI 21-03-2025,Educación
TRANSF A MAPFRE SEGUROS,Servicios
PAGO ONLINE COSTANERA CENTER,Compras
RETIRO CAJERO #502249,Otros
CINE COLOMBIA LIMA,Ocio
GAS NATURAL APROB976903,Servicios
UNIMARC MIRAFLORES,Alimentación
DB INDRIVE,Transporte
COMPRA INTL INSTITUTO CIBERTEC,Educación
NRO OP 677986 SANCOR SEGUROS,Servicios
DEBITO AUTOMATICO H&M,Compras
COMPRA INTL TICKETMASTER,Ocio
REF PARKING PLUS,Transporte
PAGO ONLINE AVIANCA,Transporte
PAGO SERV PLAZA NORTE,Compras
PAGO SERV PORTES BANCARIOS,Servicios
PALACIO DE HIERRO OP948763,Compras
RETIRO COMISION INTERBANCARIA,Servicios
TEMU TARJETA 2362,Compras
TELCEL QR,Servicios
DB IZZI TELECOM,Servicios
MOVISTAR FIBRA MAIPU,Servicios
NRO OP 678276 PARQUE EXPLORA,Ocio
RETIRO MOVISTAR FIBRA,Servicios
COMPRA METRO,Alimentación
YAPE*ELVIA,Servicios
TRX VIVANDA,Alimentación
JOCKEY PLAZA REF324410,Compras
LIDER STORE,Alimentación
POS PAPA JOHNS,Alimentación
CREPES WAFFLES TARJETA 0981,Alimentación
DAVIPLATA*LÁZARO,Servicios
PANADERIA SAN JORGE.COM,Alimentación
BATA TARJETA 9490,Compras
STEAM GAMES*953404,Ocio
ADMINISTRACION CONJUNTO RESIDENCIAL.COM,Vivienda
PAGO SERV CINE COLOMBIA,Ocio
DIDI FOOD ABR,Alimentación
YAPE*ELENA,Servicios
DEBITO AUTOMATICO CABIFY,Transporte
CHEDRAUI STORE,Alimentación
WEB SANITAS EPS,Servicios
G500 OP943334,Transporte
ONLINE TERPEL,Transporte
MODO*HELIODORO,Servicios
NRO OP 294725 INMOBILIARIA CENTURY21,Vivienda
POS CRISTAL,Alimentación
WOM FIBRA #615033,Servicios
NRO OP 777469 FALABELLA,Compras
NRO OP 689827 ANALISIS CLINICOS UNIDOS,Salud
VEA SUPERMERCADO OP614520,Alimentación
TRX APPLE TV PLUS,Ocio
COMPRA LIBRERIA CRISOL ROSARIO,Educación
DEB TEATRO MUNICIPAL,Ocio
ONLINE WONG,Alimentación
PAGO SERV PARQUE ARAUCO,Compras
COMPRA INTL FALABELLA,Compras
NRO OP 643899 INMOBILIARIA CENTURY21,Vivienda
COMPRA INTL OLIMPICA,Alimentación
JUAN VALDEZ 09JAN,Alimentación
PLAZA VEA SHOP COD627665,Compras
CRUZ DEL SUR LATAM,Transporte
JUAN VALDEZ*936857,Alimentación
BEAT QR,Transporte
PAGO CARULLA,Alimentación
APP LA POSITIVA SEGUROS,Servicios
POS CARREFOUR,Alimentación
DEBITO AUTOMATICO INMOBILIARIA CENTURY21,Vivienda
COMPRA MIFARMA PUEBLA,Salud
WEB DOMINOS PIZZA,Alimentación
TRANSF A INSTITUTO CIBERTEC,Educación
TELCEL COD758218,Servicios
WEB PANADERIA SAN JORGE,Alimentación
COMPRA INTL TELMEX INTERNET,Servicios
G500 SAN ISIDRO,Transporte
REF ALIEXPRESS,Compras
TRANSF A DOMINOS PIZZA,Alimentación
COPEC 12/07,Transporte
PAGO WOM FIBRA,Servicios
EDENOR OP140977,Servicios
FARMACIA BENAVIDES TARJETA 2642,Salud
FERRETERIA EL TORNILLO REF329311,Vivienda
APP SANTA ISABEL,Alimentación
WEB CLINICA LAS AMERICAS,Salud
COMPRA INTL CLINICA SHAIO,Salud
CLINICA RICARDO PALMA MEXICO,Salud
MASSIMO DUTTI TARJETA 1193,Compras
MODO*CHELO 328989,Servicios
FARMATODO QR,Salud
OPTICA LA INES REF390437,Salud
COMPRA PAGO PENSION COLEGIO,Educación
TWITCH CONCEPCION,Ocio
MCDONALDS MASTERCARD,Alimentación
DB CLINICA SANNA,Salud
COMPRA POS RIFA BENEFICA,Otros
MIFARMA MASTERCARD,Salud
NRO OP 977904 FERRETERIA EL TORNILLO,Vivienda
DB METRO,Alimentación
DB STARBUCKS,Alimentación
COMPRA MOVISTAR FIBRA,Servicios
STEAM GAMES CHICLAYO,Ocio
MAKRO 09-04-2024,Alimentación
APP CHINA TOWN,Alimentación
ENEL QR,Servicios
ALQUILER DEPARTAMENTO CONCEPCION,Vivienda
VTR AUTORIZ 411716,Servicios
TRX PRIMAX,Transporte
CHEDRAUI LATAM,Alimentación
RAPPI RESTAURANTE VISA,Alimentación
PLAZA NORTE COD695959,Compras
POS TECNOLOGICO DE MONTERREY,Educación
TRX HOMECENTRE,Vivienda
LUZ DEL SUR APROB265037,Servicios
ONLINE MIFARMA,Salud
PROMART HOME CENTER APROB344591,Vivienda
CARGO SAGA FALABELLA,Compras
PAGO SUBTE BUENOS AIRES,Transporte
ONLINE PARKING PLUS,Transporte
COD AEROMEXICO,Transporte
YPF LATAM,Transporte
APP OPTICA LA INES,Salud
GAS NATURAL TARJETA 7806,Servicios
SANTA FE MALL VISA,Compras
CHILIS*775602,Alimentación
PROMART HOME CENTER QR,Vivienda
LABORATORIO ROE TARJETA 1183,Salud
CREPES WAFFLES REF878792,Alimentación
OSDE PREPAGA REF068618,Servicios
POS FARMACIA BENAVIDES,Salud
COMPRA POS SORTEO LOTERIA,Otros
POS PETROPERU,Transporte
RETIRO LABORATORIO CLINICO ROCHE,Salud
CARGO EASY CONSTRUCCION,Vivienda
TRX PARQUE DE LAS LEYENDAS,Ocio
COMPRA CUOTA CONDOMINIO TIJUANA,Vivienda
TAXI DATUM LIMA,Transporte
APP TWITCH,Ocio
COD D1,Alimentación
TRX JUMBO,Alimentación
DEB AJUSTE CONTABLE,Otros
PRIMAX COD819947,Transporte
AUTOPISTA NORTE MASTERCARD,Transporte
TIGO MASTERCARD,Servicios
SALCOBRAND*905966,Salud
COSTANERA CENTER LIMA,Compras
MIFARMA LATAM,Salud
CLARO SHOP VISA,Compras
NRO OP 707543 SANTA FE MALL,Compras
COMPRA POS KARAOKE BOX,Ocio
PAGO SERV FARMACIA INKAFARMA,Salud
COMPRA ALQUILER DEPARTAMENTO,Vivienda
PAYLESS TARJETA 0354,Compras
TOTTUS CHILE OP811703,Alimentación
CARGO TRUPER FERRETERIA,Vivienda
STEAM GAMES AR,Ocio
RETIRO CODENSA,Servicios
FARMACIA SIMILARES AUTORIZ 405650,Salud
7 ELEVEN AUT437822,Alimentación
NRO OP 977188 MOVISTAR FIBRA,Servicios
COMPRA WEB ML*COMPRA,Compras
DEB H&M,Compras
PAGO SERV EL CORRAL,Alimentación
PLAZAS EXITO ROPA COD203718,Compras
TRANSF A RAPPI RESTAURANTE,Alimentación
SANTA ISABEL SAN ISIDRO,Alimentación
APPLE.COM #577283,Compras
WEB ANTICUCHOS DON JORGE,Alimentación
NRO OP 860304 CODENSA,Servicios
ZAR ASEP,Compras
CARGO MOVISTAR,Servicios
DB XBOX LIVE,Ocio
COMPRA TC AGUAS ANDINAS,Servicios
COMPRA TC ENEL,Servicios
PERSONAL ARG APROB382293,Servicios
LIBRERIA GANDHI*626104,Educación
BERSHKA #470457,Compras
MASSIMO DUTTI OP112393,Compras
METRO CDMX STORE,Transporte
COMPRA INTL HOMECENTER,Vivienda
HBO MAX PE,Ocio
TRANSMILENIO VISA,Transporte
DIDI REF110976,Transporte
SAGA FALABELLA AUT353614,Compras
OS LABORATORIO CLINICO ROCHE,Salud
CINE COLOMBIA #823438,Ocio
NRO OP 177664 BUS EJECUTIVO,Transporte
COMPRA DISNEY PLUS PUEBLA,Ocio
TRANSF A COTSANERA CENTER,Compras
RIMAC SEGUROS SAN ISIDRO,Servicios
DB BAR EL BOTIJON,Ocio
NRO OP 652451 JUAN VALDEZ,Alimentación
VIVANDA 01APR,Alimentación
ESTACIONAMIENTO QR,Transporte
WEB PAPA JOHNS,Alimentación
COSTANERA CENTER COD850278,Compras
VIVANDA STORE,Alimentación
PAGO ONLINE SALCOBRAND,Salud
ONLINE VEA SUPERMERCADO,Alimentación
MASSIMO DUTTI OP438301,Compras
CARGO CARULLA,Alimentación
SPORTLIFE GYM 16FEB,Ocio
COMPRA CREDITO VIVIENDA BUENOS AIRES,Vivienda
TACO BELL 07/02/25,Alimentación
AVANTEL STORE,Servicios
MCDONALDS SAN ISIDRO,Alimentación
PLAZAS EXITO ROPA ARGENTINA,Compras
JOCKEY PLAZA #708224,Compras
APP PORTES BANCARIOS,Servicios
TRX METRO CDMX,Transporte
IBERDROLA QR,Servicios
CARGO TRANSFERENCIA VARIOS,Otros
LABORATORIO ROE MRIAFLORES,Salud
METRO DE LIMA AR,Transporte
JUMBO ARGENTINA,Alimentación
FRISBY CL,Alimentación
PLAZAS EXITO ROPA AR,Compras
PAGO TRANSMILENIO,Transporte
COMPRA INTL AMAZON,Compras
WEB WONG,Alimentación
CEVICHERIA EL RINCON LA PLATA,Alimentación
GYM SMARTFIT QR,Ocio
SHELL TARJETA 8153,Transporte
CLINICA SANNA QR,Salud
PAGO PEDIDOSYA,Alimentación
WALMART APROB835219,Alimentación
COTO QR,Alimentación
FRISBY APROB675486,Alimentación
COMPRA INTL 7 ELEVEN,Alimentación
LIBRERIA CRISOL #397396,Educación
NRO OP 284274 MASSIMO DUTTI,Compras
SANTA ISABEL MAR,Alimentación
RETIRO PAYLESS,Compras
LIVERPOOL LATAM,Compras
FERIA DEL LIBRO VISA,Ocio
COMPRA WEB PERSONAL ARG,Servicios
CARGO TERPEL,Transporte
ADMINISTRACION CONJUNTO RESIDENCIAL COD660134,Vivienda
SAGA FALABELLA VISA,Compras
DEB MERCADO SHOPS,Compras
TRANSF A FARMACIA BENAVIDES,Salud
NRO OP 537350 LIVERPOOL,Compras
ENEL REF806286,Servicios
CMOPRA TC PUMA ENERGY,Transporte
COOMEVA EPS MAY,Servicios
LA POLAR 13/02,Compras
TACO BELL COD638989,Alimentación
PARQUE ARAUCO TARJETA 0649,Compras
REF HOSPITAL ITALIANO,Salud
CLINICA SHAIO AUT801873,Salud
CONCIERTO LIVE NATION*772868,Ocio
PLAYSTATION STORE 08/03/25,Ocio
LA POSITIVA SEGUROS AUTORIZ 208355,Servicios
COMPRA TC DISNEY PLUS,Ocio
PAGO TEATRO MUNICIPAL,Ocio
ENEX #073718,Transporte
TRX GACSO,Servicios
ADIDAS STORE APROB604274,Compras
COMPRA ADIDAS STORE CUSCO,Compras
PEDIDOSYA VISA,Alimentación
RETIRO SANTA FE MALL,Compras
PLAZA NORTE*531143,Compras
COD DEEZER,Ocio
LA POSITIVA SEGUROS AUTORIZ 980055,Servicios
WEB SUBWAY,Alimentación
PLAZAS EXITO ROPA QR,Compras
NRO OP 920368 ENVIO WESTERN UNION,Otros
TRANSANITAGO*337156,Transporte
PEAJE RUTAS DEL SOL LATAM,Transporte
FARMACIA BENAVIDES OP891150,Salud
AT&T MEXICO*177131,Servicios
CHINA TOWN QR,Alimentación
FERIA DEL LIBRO APROB926056,Ocio
PAGO FARMACIA GUADALAJARA,Salud
WEB BEAT,Transporte
PARAMOUNT PLUS SAN ISIDRO,Ocio
PLAYSTATION STORE COD818893,Ocio
CHILIS ENE,Alimentación
PAGO UDEMY,Educación
WEB AMZN MKTPLACE,Compras
DUOLINGO PLUS MIRAFLORES,Educación
MERCADO LIBRE REF761534,Compras
APP FARMACIA SIMILARES,Salud
JOCKEY PLAZA LATAM,Compras
TRX TOTTUS CHILE,Alimentación
PLAZAS EXITO ROPA COD786192,Compras
POS SAGA FALABELLA,Compras
SHELL.COM,Transporte
ONLINE TOTTUS CHILE,Alimentación
AMAZON PRIME VIDEO COD210288,Ocio
DEBITO AUTOMATICO COMISION MANTENIMIENTO CUENTA,Servicios
PAGO BERSHKA,Compras
SANITAS EPS AUTORIZ 405808,Servicios
PETROPERU TARJETA 8317,Transporte
MASSIMO DUTTI.COM,Compras
COMPRA DENTAL PLUS PUEBLA,Salud
PAGO ONLINE TECNOLOGICO DE MONTERREY,Educación
WEB CHINA TOWN,Alimentación
WEB SANTA FE MALL,Compras
MOVISTAR FIBRA AUT923833,Servicios
CLARO INTERNET 30-05-2025,Servicios
VIVANDA LATAM,Alimentación
ONLINE COSTANERA CENTER,Compras
SCOOTER MOO 10/01/25,Transporte
PROMART HOME CENTER 12/08,Vivienda
MERCADO LIBRE AUT174287,Compras
WEB PLAZA VEA SHOP,Compras
NRO OP 717161 AT&T MEXICO,Servicios
PAGO PENSION UNIVERSIDAD TARJETA 1396,Educación
PAGO ONLINE TRANSMILENIO,Transporte
SANCOR SEGUROS LATAM,Servicios
ESTACIONAMIENTO STORE,Transporte
TRANSF A CLARO,Servicios
LIBRERIA CRISOL 14MAR,Educación
DEBITO AUTOMATICO ANALISIS CLINICOS UNIDOS,Salud
PAGO CENTRO MMEDICO SAN FELIPE,Salud
PLIN*BAUTISTA 668977,Servicios
COMPRA TC VEA SUPERMERCADO,Alimentación
COMPRA LINKEDIN LEARNING PALERMO,Educación
LABORATORIO ROE APROB164621,Salud
CARGO AUTOPISTA NORTE,Transporte
NRO OP 265282 RIFA BENEFICA,Otros
ANTICUCHOS DON JORGE 29-11-2024,Alimentación
APP SUBTE BUENOS AIRES,Transporte
ADIDAS STORE VISA,Compras
NRO OP 575329 FARMACIA SIMILARES,Salud
MAX.COM TARJETA 8585,Ocio
CONCIERTO LIVE NATION.COM,Ocio
MODO*DÉBORA,Servicios
COURSERA LIMA,Educación
NRO OP 552987 DIDI FOOD,Alimentación
SUBWAY LATAM,Alimentación
DEBITO AUTOMATICO MOVISTAR FIBRA,Servicios
WOM FIBRA REF112049,Servicios
SORTEO LOTERIA LATAM,Otros
TRX EDENOR,Servicios
MAKRO MASTERCARD,Alimentación
APP UNIMARC,Alimentación
POLLERIA NORKYS #220237,Alimentación
7 ELEVEN QR,Alimentación
REF EL CORRAL,Alimentación
REF FARMACIA GUADALAJARA,Salud
PLAZA NORTE CABA,Compras
POS IZZI TELECOM,Servicios
RETIRO ADIDAS STORE,Compras
COMPRA EXITO LAS CODNES,Alimentación
WEB CHNA WOK,Alimentación
LA COMER COD085653,Alimentación
MERCADO PAGO*FELICIANO,Servicios
YAPE*MARISOL 600819,Servicios
APP ARA,Alimentación
DEBITO AUTOMATICO HOSPITAL ANGELES,Salud
DAVIPLATA*CALIXTO,Alimentación
RREF EPM,Servicios
PAGO SERV FERIA DEL LIBRO,Ocio
AMZN MKTPLACE COD140991,Compras
COMPRA TC TRANSANTIAGO,Transporte
SUBTE BUENOS AIRES SAN ISIDRO,Transporte
ONLINE POLLERIA NORKYS,Alimentación
ADIDAS STORE.COM,Compras
TRANSF A SEGUROS BOLIVAR,Servicios
DIA REF545899,Alimentación
MAX.COM 16/05/24,Ocio
PULL BEAR*559220,Compras
H&M*842119,Compras
PAGO ONLINE BUS EJECUTIVO,Transporte
BERSHKA COD956137,Compras
KARAOKE BOX AUT144636,Ocio
EPM QR,Servicios
MAKRO TARJETA 9135,Alimentación
COMPRA WEB CHINA TOWN,Alimentación
PEDIDOSYA SAN ISIDRO,Alimentación
TRX AMZN MKTPLACE,Compras
MUNDO MARINO 19/04/25,Ocio
PAGO ONLINE SEGUROS BOLIVAR,Servicios
WEB CODENSA,Servicios
PAGO HOMECENTER,Vivienda
COMPRA MAPFRE SEGUROS,Servicios
TRANSF A PAGO MATIRCULA,Educación
UDEMY STORE,Educación
COPEC ABR,Transporte
HOMECENTER CALI,Vivienda
CLINICA SANNA STORE,Salud
WOM LIMA,Servicios
COD CRUZ VERDE,Salud
WEB VEA SUPERMERCADO,Alimentación
COMPRA COSTANERA CENTER BUCARAMANGA,Compras
SAGA FALABELLA MEXICO,Compras
COD BURGER KING,Alimentación
COMPRA POS STARBUCKS,Alimentación
ANTICUCHOS DON JORGE 09/07/24,Alimentación
NRO OP 858504 HOMECENTER,Vivienda
COMPRA WEB PALACIO DE HIERRO,Compras
OPTICA GMO*362032,Salud
JOCKEY PLAZA REF540607,Compras
TECNOLOGICO DE MONTERREY OP481482,Educación
NRO OP 670401 JUMBO,Alimentación
PRESTO OD943319,Alimentación
PETROPERU AGO,Transporte
CHINA TOWN OCT,Alimentación
MASSIMO DUTTI AUTORIIZ 180840,Compras
TRANSF A BATA,Compras
FALABELLA*928620,Compras
WONG.COM,Alimentación
COMPRA POS AT&T MEXICO,Servicios
GYM SMARTFIT REF978874,Ocio
PAGO SERV METRO CDMX,Transporte
AT&T MEXICO ENVIGADO,Servicios
CARGO TWITCH,Ocio
TRANSF A IN DRIVE,Transporte
CONSULTORIO DENTAL SONRIE STORE,Salud
FERIA DEL LIBRO #935247,Ocio
YAPE*FABRICIO,Alimentación
COMPRA INTL CLINICA RICARDO PALMA,Salud
CHILIS PERU,Alimentación
YAPE*ARTEMIO,Alimentación
COMPRA SUBTE BUENOS AIRES VITACURA,Transporte
DUNKIN TARJETA 3096,Alimentación
UDEMY TARJETA 9719,Educación
CODENSA 14-08-2024,Servicios
ENEL DIC,Servicios
HBO MAX COLOMBIA,Ocio
CHINA TOWN LIMA,Alimentación
COPEC*581563,Transporte
SUBWAY VISA,Alimentación
ALQUILER DEPARTAMENTO OP320655,Vivienda
POS HOMECENTER,Vivienda
COMPRA MUNDO MARINO,Ocio
TRANSF A MAKRO,Alimentación
METRO DE LIMA MIRAFLORES,Transporte
APP SEDAPAL,Servicios
PAGO SERV MAESTRO HOME CENTER,Vivienda
OSDE PREPAGA #474819,Servicios
TRANSF A DEEZER,Ocio
COMPRA INTL SCOOTER MOVO,Transporte
VIVANDA*307030,Alimentación
DB CHEDRAUI,Alimentación
PLAZA VESTIR FEB,Compras
ML*COMPRA STORE,Compras
APP COPA AIRLINES,Transporte
PARAMOUNT PLUS OP935319,Ocio
COMPRA MANTTO CONJUNTO LA MOLINA,Vivienda
MERCADO PAGO*ISABELA 954766,Alimentación
CLINICA RICARDO PALMA MX,Salud
DEBITO AUTOMATICO LA REBAJA VIRTUAL,Salud
METRO DE LIMA OP818459,Transporte
PAGO EBAY,Compras
PAGO SERV SEDAPAL,Servicios
CLARO SHOP MIRAFLORES,Compras
METRO CDMX AUTORIZ 043392,Transporte
TRX COPEC,Transporte
METRO CDMX*324850,Transporte
COMPRA TC PETROPERU,Transporte
AMAZON PRIME VIDEO APROB562078,Ocio
PEDIDOSYA.COM,Alimentación
VTR*721226,Servicios
WEB DISCO,Alimentación
AMAZON PRIME VIDEO JUN,Ocio
PAGO SERV ANALISIS CLINICOS UNIDOS,Salud
PRIMAX TARJETA 4369,Transporte
SWISS MEDICAL CDMX,Servicios
METRO APROB828061,Alimentación
SURA SEGUROS QR,Servicios
BEMBOS REF290378,Alimentación
PAGO ZARA,Compras
COMPRA YPF,Transporte
DAVIPLATA*CIRIACO,Servicios
FARMATODO LATAM,Salud
PAYLESS LIMA,Compras
CLINICA LAS AMERICAS 17JUN,Salud
CARGO STARBUCKS,Alimentación
DB SEDAPAL,Servicios
MERCADO LIBRE CHILE,Compras
PAGO ONLINE MAESTRO HOME CENTER,Vivienda
PAGO ONLINE ESTACIONAMIENTO,Transporte
WOM FIBRA.COM,Servicios
APP PARKING PLUS,Transporte
SEARS COD955128,Compras
SPORTLIFE GYM LATAM,Ocio
MODO*BERNARDO 528843,Otros
TOTTUS VISA,Alimentación
CARGO COPA AIRLINES,Transporte
ONLINE AGUAS ANDINAS,Servicios
COMPRA SCOOTER MOVO TIJUANA,Transporte
STARBUCKS AUTORIZ 741530,Alimentación
COMPRA TAXI DATUM MEDELLIN,Transporte
COMPRA AT&T MEXICO PALERMO,Servicios
TRANSF A VTR,Servicios
SODIMAC CONSTRUCCION REF083985,Vivienda
WEB EL CORRAL,Alimentación
CARGO H&M,Compras
AT&T MEXICO.COM,Servicios
ONLINE TAXI DATUM,Transporte
CFE MONTERREY,Servicios
DB PLAYCENTER,Ocio
TEMU 24-05-2024,Compras
FARMACIA BENAVIDES AUTORIZ 373884,Salud
COMPRA PLAZA VESTIR MAIPU,Compras
PRIMAX AUT692438,Transporte
COD RIMAC SEGUROS,Servicios
CASA DE CAMBIO TARJETA 6275,Otros
SAGA FALABELLA OP991956,Compras
SANTA ISABEL REF416562,Alimentación
METRO DE LIMA.COM,Transporte
REF RETIRO CAJERO,Otros
PLAZA VESTIR REF603493,Compras
RETIRO CRUZ VERDE,Salud
COD OECHSLE,Compras
POS HOSPITAL ITALIANO,Salud
DB AMZN MKTPACE,Compras
PARQUE EXPLORA LIMA,Ocio
MASSIMO DUTTI MASTERCARD,Compras
COD APPLE.COM,Compras
POS CONCIERTO LIVE NATION,Ocio
LA POLAR QR,Compras
COMPRA POS CONSULTORIO DENTAL SONRIE,Salud
ONLINE DISNEY PLUS,Ocio
CARGO AGUAS ANDINAS,Servicios
ANTICUCHOS DON JORGE TARJETA 0145,Alimentación
OPTICA LA INEES APROB355588,Salud
COMPRA TC COTO,Alimentación
IN DRIVER ABR,Transporte
REF CODENSA,Servicios
YAPE*ASUNCIÓN,Otros
TAXI DATUM #977288,Transporte
BODYTECH GYM #436178,Ocio
TIGO ABR,Servicios
PAGO ONLINE ANALISIS CLINICOS UNIDOS,Salud
CLARO SHOP STORE,Compras
COMISION MANTENIMIENTO CUENTA 14/04/25,Servicios
POS BURGER KING,Alimentación
LA COMER AUTORIZ 214114,Alimentación
UNIMARC #544281,Alimentación
WEB MAPFRE SEGUROS,Servicios
YAPE*RITA 361910,Alimentación
SORIANA*199510,Alimentación
TRANSF A PALACIO DE HIERRO,Compras
COMPRA INTL TOTTUS,Alimentación
FARMACIAS DEL AHORRO 02MAR,Salud
COMPRA LATAM AIRLINES MENDOZA,Transporte
PAGO SERV CLARO SHOP,Compras
BATA AUT661540,Compras
DEBITO AUTOMATICO BEMBOS,Alimentación
MAX.COM LIMA,Ocio
DEBITO AUTOMATICO PLAZAS EXITO ROPA,Compras
NRO OPP 764817 PLAZA VEA SHOP,Compras
TRUPER FERRETERIA QR,Vivienda
CARGO BEMBOS,Alimentación
IZZI TELECOM APROB240487,Servicios
AVANTEL CHILE,Servicios
COMPRA NIKE STORE,Compras
DB G500,Transporte
CARGO METRO SANTIAGO,Transporte
FARMACIA GUADALAJARA STORE,Salud
COMPRA POS COPA AIRLINES,Transporte
MAX.COM*346511,Ocio
CARGO PEAJE RUTA,Transporte
DEPOSITO VARIOS PE,Otros
UNIMARC 11/02,Alimentación
COURSERA MONTERREY,Educación
PRIMAX*416938,Transporte
PANADERIA SAN JORGE REF692306,Alimentación
DEB 7 ELEVEN,Alimentación
PLIN*JUAN JOSÉ,Servicios
COMPRA POS FERIA DEL LIBRO,Ocio
COMPRA AVIANCA CDMX,Transporte
LA POSITIVA SEGUROS AREQUIPA,Servicios
H&M LATAM,Compras
MERCADO PAGO*JOSE ANGEL,Servicios
EXITO APROB623132,Alimentación
DEBITO AUTOMATICO FARMACIA INKAFARMA,Salud
DOMINOS PIZZA CO,Alimentación
TIGO OP138004,Servicios
STARBUCKS 06OCT,Alimentación
COMPRA WEB IN DRIVER,Transporte
UBER TRIP TARJETA 1018,Transporte
COMPRA POS MAPFRE SEGUROS,Servicios
CROSSFIT BOX ARGENTINA,Ocio
PAGO SERV OECHSLE,Compras
ONLINE PEAJE RUTAS DEL SOL,Transporte
GAS NATURAL #364684,Servicios
PAGO ONLLINE PAGO ARRIENDO,Vivienda
MERCADO PAGO*EUSEBIA 002945,Alimentación
WEB PLATZI,Educación
COMPRA INTL DIDI FOOD,Alimentación
IZZI TELECOM AUT034258,Servicios
NRO OP 353803 EDENOR,Servicios
EL CORRAL STORE,Alimentación
POS KFC,Alimentación
COD BODYTECH GYM,Ocio
SANTA FE MALL LATAM,Compras
COMPRA MCDONALDS QUERETARO,Alimentación
MERCADO PAGO*FERNANDO,Alimentación
APP COMISION INTERBANCARIA,Servicios
RIFA BENEFICA AUT022329,Otros
APP LATAM AIRLINES,Transporte
CREDITO VIVIENDA APROB587192,Vivienda
XBOX LIVE OP827853,Ocio
NRO OP 543760 MAPFRE SEGUROS,Servicios
POS CLARO SHOP,Compras
COMPRA INTL MOVISTAR FIBRA,Servicios
NIKE STORE VITACURA,Compras
DEBITO AUTOMATICO DENTAL PLUS,Salud
ONLINE MAKRO,Alimentación
PLAYSTATION STORE COD185687,Ocio
PRIMAX*615162,Transporte
TRANSF A EL CORRAL,Alimentación
DIDI FOOD JUL,Alimentación
CLINICA RICARDO PALMA VISA,Salud
WEB AT&T MEXICO,Servicios
PAGO ONLINE CREDITO VIVIENDA,Vivienda
AT&T MEXICO VISA,Servicios
ONLINE DUNKIN,Alimentación
PAGO ONLINE SANITAS EPS,Servicios
PEAJE RUTAS DEL SOL PUEBLA,Transporte
KFC APROB286888,Alimentación
COMPRA WEB DEEZER,Ocio
CARGO PLAZA VESTIR,Compras
DEB UNIMARC,Alimentación
POS ALQUILER DEPARTAMENTO,Vivienda
COMPRA TOTTUS,Alimentación
DEPOSITO VARIOS MASTERCARD,Otros
COMISION INTERBANCARIA LIMA,Servicios
MERCADO PGAO*MARÍA JESÚS 732794,Alimentación
PAGO HIPOTECARIO 24/06/24,Vivienda
OECHSLE #737171,Compras
COMPRA NETFLIX.COM QUERETARO,Ocio
REF HOMECENTER,Vivienda
SEDAPAL QR,Servicios
ONLINE PROMART HOME CENTER,Vivienda
PLAZAS EXITO ROPA MASTERCARD,Compras
CONCIERTO LIVE NATION SAN ISIDRO,Ocio
DB ALQUILER DEPARTAMENTO,Vivienda
COD COSTANERA CENTER,Compras
TRANSF A 7 ELEVEN,Alimentación
MERCADO LIBRE LIMA,Compras
CARGO VTR,Servicios
DAVIPLATA*NYDIA,Alimentación
RETIRO LA POLAR,Compras
COMPRA POS SRA SEGUROS,Servicios
CARREFOUR*782536,Alimentación
COMPRA POS TIGO,Servicios
DAVIPLATA*PERLITA,Alimentación
DEB EL CORRAL,Alimentación
OXX.COM,Alimentación
PLIN*ROSALINDA,Servicios
COMPRA TC PARKING PLUS,Transporte
DEBITO AUTOMATICO RIPLEY,Compras
DB MANTENIMIENTO TARJETA,Servicios
TRX PERSONAL ARG,Servicios
LA POLAR #514982,Compras
SANITAS EPS LIMA,Servicios
PAGO SERV CLARO,Servicios
LIVERPOOL MIRAFLORES,Compras
SANTA ISABEL 04/08,Alimentación
MOVISTAR FIBRA REF904758,Servicios
FERRETERIA EL TORNILLO TOLUCA,Vivienda
COMPRA PEDIDOSYA,Alimentación
FARMATODO AUT026823,Salud
PAGO ONLINE EXITO,Alimentación
DEB CINEPLANET,Ocio
TOTTUS AUT746988,Alimentación
COMPRA TC ANTICUCHOS DON JORGE,Alimentación
CARGO PAGO ARRIENDO,Vivienda
PAGO ARRIENDO CHILE,Vivienda
TRANSF A DUNKIN,Alimentación
NRO OP 668973 TWITCH,Ocio
PAGO SERV MIFARMA,Salud
LABORATORIO CLINICO ROCHE SANTIAGGO,Salud
COD ALLIANZ SEGUROS,Servicios
REF SORTEO LOTERIA,Otros
INDRIVE TARJETA 5990,Transporte
ONLINE CARULLA,Alimentación
DEBITO AUTOMATICO LABORATORIO ROE,Salud
AMZN MKTPLACE AUT633239,Compras
CREDITO VIVIENDA #886053,Vivienda
COMPRA POS DIDI FOOD,Alimentación
COMPRA POS UNIVERSIDAD ANDES,Educación
PAGO SERV ANTICUCHOS DON JORGE,Alimentación
PAGO ONLINE PARDOS CHICKEN,Alimentación
ZARA CHICLAYO,Compras
PARQUE ARAUCO*824101,Compras
PLAZA NORTE STORE,Compras
CINEPOLIS REF371231,Ocio
TRX G500,Transporte
PARDOS CHICKEN MASTERCARD,Alimentación
NEQUI*CAROLINA,Servicios
LA REBAJA VIRTUAL LIMA,Salud
PAGO CINEMARK,Ocio
EDITORIAL SANTILLANA OP486144,Educación
IN DRIVER OP152210,Transporte
ANALISIS CLINICOS UNIDOS VISA,Salud
GYM SMARTFIT STORE,Ocio
COMPRA WEB BERSHKA,Compras
TECNOLOGICO DE MONTERREY #709614,Educación
REF DISNEY PLUS,Ocio
TRANSF A ENEX,Transporte
REF CARREFOUR,Alimentación
NRO OP 075656 PARKING PLUS,Transporte
IZZI TELECOM PE,Servicios
TAXI DATUM #609389,Transporte
ITUZAINGO PEAJE MASTERCARD,Transporte
EDESUR QR,Servicios
FARMACIAS DEL AHORRO LIMA,Salud
LA POLAR*135855,Compras
SIT MEDELLIN COD382811,Transporte
ALQUILER DEPARTAMENTO PERU,Vivienda
DISCOTECA CLUB AUT217427,Ocio
YPF AUTORIZ 423674,Transporte
SAGA FALABELLA MIRAFLORES,Compras
SPORTLIFE GYM STORE,Ocio
DB PULL BEAR,Compras
POS GAS NATURAL,Servicios
SPOTIFY 07MAR,Ocio
COMPRA TC ICPNA,Educación
POS WOM FIBRA,Servicios
COMPRA POS HBO MAX,Ocio
IN DRIVER.COM,Transporte
JUAN VALDEZ MASTERCARD,Alimentación
AUTOPISTA NORTE #103429,Transporte
COD PARQUE DE LAS LEYENDAS,Ocio
KFC MIRAFLORES,Alimentación
WEB PARQUE EXPLORA,Ocio
SUBTE BUENOS AIRES MAY,Transporte
BUS EJECUTIVO COD365526,Transporte
FERIA DEL LIBRO SAN ISIDRO,Ocio
DEB TRUPER FERRETERIA,Vivienda
COMPRA INTL PRIMAX,Transporte
MERCADO LIBRE PROVIDENCIA,Compras
DB MERCADO SHOPS,Compras
CARGO LIBRERIA GANDHI,Educación
CARGO PLAZA NORTE,Compras
COMPRA PAGO HIPOTECARIO,Vivienda
COMPRA TC CONSULTORIO DENTAL SONRIE,Salud
ANALISIS CLINICOS UNIDOS AUT644111,Salud
LUZ DEL SUR MIRAFLORES,Servicios
ONLINE TACO BELL,Alimentación
TRX CINEMARK,Ocio
COD PARQUE ARAUCO,Compras
NRO OP 895078 CONCIERTO LIVE NATION,Ocio
LIVERPOOL AUTORIZ 738390,Compras
COMPRA TC YOUTUBE PREMIUM,Ocio
GASCO MASTERCARD,Servicios
SODIMAC CONSTRUCCION LIMA,Vivienda
HBO MAX REF103568,Ocio
DEBITO AUTOMATICO ML*COMPRA,Compras
SPORTLIFE GYM OP287710,Ocio
TRANSF A UNIVERSIDAD PACIFICO,Educación
COMPRA CROSSFIT BOX,Ocio
REF METRO,Alimentación
TRANSF A TRANSMILENIO,Transporte
TRANSF A AT&T MEXICO,Servicios
COMPRA PEAJE RUTAS DEL SOL MENDOZA,Transporte
TECNOLOGICO DE MONTERREY TARJETA 8273,Educación
COMPRA WEB METRO DE LIMA,Transporte
GYM SMARTFIT*015994,Ocio
FARMACIA BENAVIDES SAN ISIDRO,Salud
DISNEY PLUS AUT316303,Ocio
COMPRA SANTA ISABEL NUNOA,Alimentación
RETIRO PEAJE RUTA,Transporte
TICKETMASTER MIRAFLORES,Ocio
SANCOR SEGUROS AUT830648,Servicios
REPSOL SAN ISIDRO,Transporte
CARGO AMAZON,Compras
COMPRA TC SEDAPAL,Servicios
COMPRA POS STEAM GAMES,Ocio
RETIRO SANCOR SEGUROS,Servicios
EASY CONSTRUCCION SAN ISIDRO,Vivienda
SANTA ISABEL AUTORIZ 732418,Alimentación
ADMINISTRACION EDIFICIO AUTORIZ 066242,Vivienda
DAVIPLATA*ISIDORO,Servicios
PAGO ONLINE ALLIANZ SEGUROS,Servicios
VEA SUPERMERCADO LIMA,Alimentación
FARMACIA SIMILARES VITACURA,Salud
LA POSITIVA SEGUROS QR,Servicios
ONLINE FARMACIA GUADALAJARA,Salud
CLARO INTERNET AUT439713,Servicios
TRX TRUPE FERRETERIA,Vivienda
COMPRA FERRETERIA EL TORNILLO COYOACAN,Vivienda
CONCIERTO LIVE NATION COLOMBIA,Ocio
COMPRA RIMAC SEGUROS MAR DEL PLATA,Servicios
VTR LATAM,Servicios
COMPRA SWISS MEDICAL TRUJILLO,Servicios
DB CRUZ VERDE,Salud
XBOX LIVE TARJETA 9900,Ocio
SHEIN MASTERCARD,Compras
DEB ENTEL,Servicios
PAGO ARRIENDO*258275,Vivienda
COMPRA TC MMETRO CDMX,Transporte
DEB CLARO INTERNET,Servicios
TRANSF A CENTRO MEDICO SAN FELIPE,Salud
ENEX COD726722,Transporte
MERCADO SHOPS LIMA,Compras
TRX MANTENIMIENTO TARJETA,Servicios
ONLINE SANTA FE MALL,Compras
COMPRA INTL LUZ DEL SUR,Servicios
ONLINE TELMEX INTERNET,Servicios
YAPE*EMELINA,Alimentación
COMPRA INTL AGUAS ANDINAS,Servicios
PAGO PENSION UNIVERSIDAD SAN ISIDRO,Educación
MUSEO INTERACTIVO 26/01/25,Ocio
XBOX LIVE 14JUL,Ocio
PAGO ONLIN EDEPOSITO VARIOS,Otros
APP EL CORRAL,Alimentación
COMPRA TC OXXO,Alimentación
AP COTO,Alimentación
COMPRA ENEX LIMA,Transporte
DEBITO AUTOMATICO PAGO HIPOTECARIO,Vivienda
ONLINE ENEL,Servicios
SANCOR SEGUROS OP267226,Servicios
OLIMPICA TARJETA 2257,Alimentación
TEMU BUENOS AIRES,Compras
CHILIS SAN ISIDRO,Alimentación
ICPNA LIMA,Educación
MUNDO MARINO*149841,Ocio
METRO SANTIAGO STORE,Transporte
COMPRA WEB PULL BEAR,Compras
DAVIPLATA*ADOLFO 390323,Alimentación
WALMART APROB042242,Alimentación
MOVISTAR OP855128,Servicios
TRANSF A SWISS MEDICAL,Servicios
METRO APROB856138,Alimentación
ADIDAS STORE AUT975084,Compras
BEMBOS LIMA,Alimentación
MUSEO INTERACTIVO ARGENTINA,Ocio
PLAZA NORTE SAN ISIDRO,Compras
SANCOR SEGUROS.COM,Servicios
COMPRA INTL BERSHKA,Compras
RETIRO TICKETMASTER,Ocio
PAGO ONLINE RIPLEY,Compras
PAGO KFC,Alimentación
PAGO ONLINE SURA SEGUROS,Servicios
RETIRO MOVISTAR,Servicios
DEB BUS EJECUTIVO,Transporte
ANTICUCHOS DON JORGE LATAM,Alimentación
COMPRA WEB CLARO INTERNET,Servicios
SIT MEDELLIN.COM,Transporte
COD FERIA DEL LIBRO,Ocio
COMPRA SEGUROS BOLIVAR NUNOA,Servicios
SANITAS EPS QR,Servicios
COMPRA WEB PANADERIA SAN JORGE,Alimentación
PAGO SERV CUOTA CONDOMINIO,Vivienda
PAGO MCDONALDS,Alimentación
WEB SPORTLIFE GYM,Ocio
INDRIVE*619970,Transporte
CHINA WOK SAN ISIDRO,Alimentación
OECHSLE SAN ISIDRO,Compras
CARGO TELMEX INTERNET,Servicios
TRANSF A SAGA FALABELLA,Compras
ONLINE CINEPLANET,Ocio
PARAMOUNT PLUS QR,Ocio
DOMINOS PIZZA 18-10-2024,Alimentación
CONCIERTO LIVE NATION LIMA,Ocio
PAGO ICPNA,Educación
COMPRA MUSEO INTERACTIVO LIMA,Ocio
APP GIRO INTERNACIONAL,Otros
METRO SANTIAGO*694067,Transporte
POS PEAJE RUTA,Transporte
CLARO INTERNET STORE,Servicios
PLAYCENTER COD391889,Ocio
PARKING PLUS*443788,Transporte
DEB MASSIMO DUTTI,Compras
COMPRA WEB CLARO SHOP,Compras
DDEB METRO DE LIMA,Transporte
DAVIPLATA*CRISTIAN,Alimentación
COMPRA PLAYSTATION STORE PROVIDENCIA,Ocio
COMPRA WEB TAXI DATUM,Transporte
PAGO SCOOTER MOVO,Transporte
COMPRA POS CLARO,Servicios
PAGO SERV EDESUR,Servicios
BATA CO,Compras
ALQUILER DEPARTAMENTO*224672,Vivienda
TEATRO MUNICIPAL AUT574106,Ocio
IN DRIVER APROB432988,Transporte
AEROMEXICO VISA,Transporte
TRANSF A MOVISAR FIBRA,Servicios
TRX PEAJE RUTA,Transporte
WOM GUADALAJARA,Servicios
MERCADO SHOPS TARJETA 6098,Compras
WEB MCDONALDS,Alimentación
TECNOLOGICO DE MONTERREY MASTERCARD,Educación
COMPRA TICKETMASTER CHAPINERO,Ocio
UNIVERSIDAD PACIFICO REF893146,Educación
CHEDRAUI AUT207626,Alimentación
TRX SALCOBRAND,Salud
CHEDRAUI SAN ISIDRO,Alimentación
DB SHELL,Transporte
ENVIO WESTERN UNION OP087185,Otros
PUMA ENERGY AUT860010,Transporte
CARREFOUR MASTERCARD,Alimentación
DEB AGUAS ANDINAS,Servicios
ENTEL JUN,Servicios
TELMEX INTERNET TARJETA 6768,Servicios
LATAM AIRLINES QR,Transporte
DB PAO PENSION COLEGIO,Educación
IN DRIVER OP158884,Transporte
NEQUI*CARIDAD,Alimentación
APP ENEL,Servicios
PLAZAS EXITO ROPA.COM,Compras
AMAZON #937526,Compras
PEDIDOSYA TARJETA 9889,Alimentación
COSTANERA CENTER LATAM,Compras
UBER EATS*181128,Alimentación
COMPRA INTL VEA SUPERMERCADO,Alimentación
MCDOALDS.COM,Alimentación
OPTICA LA INES 15-01-2025,Salud
COD CLINICA SANNA,Salud
NRO OP 100947 BERSHKA,Compras
JUAN VALDEZ*344498,Alimentación
LIBRERIA GANDHI LATAM,Educación
ONLINE TEMU,Compras
COMPRA POS ZARA,Compras
OXXO #736951,Alimentación
NIKE STORE.COM,Compras
TRX AJUSTE CONTABLE,Otros
VEA SUPERMERCADO AUT786125,Alimentación
COMPRA WEB EXITO,Alimentación
GYM SMARTFIT REF043028,Ocio
CUOTA CONDOMINIO REF333347,Vivienda
WALMART REF764132,Alimentación
APP ITUZAINGO PEAJE,Transporte
COD TACO BELL,Alimentación
CODENSA 06-06-2024,Servicios
PLIN*PORFIRIO 086186,Servicios
PAGO ONLINE CRUZ DEL SUR,Transporte
COMISION MANTENIMIENTO CUENTA.COM,Servicios
COMPRA TC OPTICA LA INES,Salud
YAPE*EMILIO,Alimentación
PAGO ONLINE AMZN MKTPLACE,Compras
COMPRA NETFLIX.COM,Ocio
PANADERIA SAN JORGE AUT863506,Alimentación
APP OPTICA GMO,Salud
TRX AMAZON PRIME VIDEO,Ocio
TRX PEMEX,Transporte
PULL BEAR 17-10-2024,Compras
TRANSF A ANTICUCHOS DON JORGE,Alimentación
LABORATORIO CLINICO ROCHE APROB585328,Salud
COMPRA CLINICA SHAIO CORDOBA,Salud
COMPRA POS LATAM AIRLINES,Transporte
BUS EJECUTIVO COD297643,Transporte
RETIRO BAR EL BOTIJON,Ocio
TRANSMILENIO PE,Transporte
COMPRA CEVICHERIA EL RINCON TIJUANA,Alimentación
POLLERIA NORKYS 27-05-2025,Alimentación
DEB EDESUR,Servicios
PAGO ONLINE SANCOR SEGUROS,Servicios
EDENOR OP823015,Servicios
STARBUCKS VISA,Alimentación
KFC*500372,Alimentación
CLINICA LAS AMERICAS VISA,Salud
TERPEL AUT976547,Transporte
DB CINE COLOMBIA,Ocio
YAPE*FELICIANA,Servicios
COMPRA WEB ADMINISTRACION EDIFICIO,Vivienda
ADIDAS STORE MASTERCARD,Compras
METRO DE LIMA CARTAGENA,Transporte
ONLINE FERRETERIA EL TORNILLO,Vivienda
MAX.COM AUTORIZ 391179,Ocio
APP OECHSLE,Compras
MAPFRE SEGUROS STORE,Servicios
ALLIANZ SEGUROS CL,Servicios
COMPRA WEB VIVANDA,Alimentación
POS AUTOPISTA NORTE,Transporte
PRIMAX O,Transporte
PORTES BANCARIOS VISA,Servicios
PLAZA VESTIR LAS CONDES,Compras
AUTOPISTA NORTE TARJETA 0841,Transporte
WEB POLLERIA NORKYS,Alimentación
COPPEL OP277169,Compras
CARGO TELCEL,Servicios
PEMEX IRAFLORES,Transporte
COMPRA RIMAC SEGUROS,Servicios
NRO OP 001933 HOSPITAL ANGELES,Salud
COD MERCADO SHOPS,Compras
DEBITO AUTOMATICO ICPNA,Educación
NRO OP 239830 CLARO SHOP,Compras
RIPLEY QR,Compras
NRO OP 065898 RAPPI RESTAURANTE,Alimentación
COMPRA POS MUSEO INTERACTIVO,Ocio
COD CINEMRAK,Ocio
PEAJE RUTAS DEL SOL MASTERCARD,Transporte
CLARO SHOP APROB683120,Compras
RETIRO ENEL,Servicios
PAGO ONLINE SEARS,Compras
NEQUI*OJSÉ 807488,Servicios
APP CLARO INTERNET,Servicios
PAGO SERV PLAZA VESTIR,Compras
CARGO DICO,Alimentación
G500 REF249313,Transporte
HBO MAX*419497,Ocio
PAGO HIPOTECARIO JUL,Vivienda
DEBITO AUTOMATICO STARBUCKS,Alimentación
DEB SUBTE BUENOS AIRES,Transporte
COMPRA WEB TERPEL,Transporte
RIPLEY CL,Compras
ONLINE SEARS,Compras
COMPRA WEB ANALISIS CLINICOS UNIDOS,Salud
TRX COPPEL,Compras
PLAZAS EXITO ROPA 22JUN,Compras
TRX EL CORRAL,Alimentación
INSTITUTO CIBERTEC AUTORIZ 420712,Educación
YAPE*JENARO,Alimentación
REF CREDITO VIVIENDA,Vivienda
AVIANCA #513416,Transporte
PLAZA VEA LIMA,Alimentación
OECHSLE CO,Compras
APP CLARO SHOP,Compras
DAVIPLATA*SONIA 624788,Alimentación
MERCADO PAGO*LUPITA 413359,Servicios
MASSIMO DUTTI VISA,Compras
TEATRO MUNICIPAL LATAM,Ocio
POS LIVERPOOL,Compras
MERCADO PAGO*ELISABET,Alimentación
WEB PAGO ARRIENDO,Vivienda
TRANSF A TIGO,Servicios
DEB TOTTUS CHILE,Alimentación
TRANSF A LIVERPOOL,Compras
YPF MIRAFLORES,Transporte
DEBITO AUTOMATICO WOM FIBRA,Servicios
TRANSF A PAGO HIPOTECARIO,Vivienda
CARGO TICKETMASTER,Ocio
CROSSFIT BOX SANTIAGO,Ocio
HINA TOWN LATAM,Alimentación
PAGO ONLINE RAPPI RESTAURANTE,Alimentación
REF UNIVERSIDAD ANDES,Educación
NRO OP 009591 ZARA,Compras
SANTA FE MALL QR,Compras
FALABELLA LIMA,Compras
PARQUE DE LAS LEYENDAS MIRAFLORES,Ocio
IBERDROLA REF254551,Servicios
COMPRA EPM,Servicios
COD FRISBY,Alimentación
ANTICUCHOS DON JORGE PERU,Alimentación
FALABELLA 27/10,Compras
COMPRA WEB SEARS,Compras
MASSIMO DUTTI OP046388,Compras
ONLINE ADMINISTRACION CONJUNTO RESIDENCIAL,Vivienda
WOM STORE,Servicios
PAGO ONLINE METRO SANTIAGO,Transporte
DB UNIMARC,Alimentación
OECHSLE NOV,Compras
COMPRA BEAT QUERETARO,Transporte
WEB COPEC,Transporte
INMOBILIARIA CENTURY21 STORE,Vivienda
ONLINE PARAMOUNT PLUS,Ocio
RETIRO D1,Alimentación
CENCOSUD #891780,Compras
APP BLETERIA JOINNUS,Ocio
PAGO ONLINE GAS NATURAL,Servicios
AUTOPISTA NORTE OP570396,Transporte
COD G500,Transporte
WOM COD817192,Servicios
APP ENVIO WESTERN UNION,Otros
CARGO PRESTO,Alimentación
PAGO SERV FRISBY,Alimentación
DEB TICKETMASTER,Ocio
NRO OP 259715 SCOOTER MOVO,Transporte
COMPRA BEMBOS,Alimentación
COMPRA WEB COSTANERA CENTER,Compras
PAGO VEA SUPERMERCADO,Alimentación
TRANSF A IN DRIVER,Transporte
MODO*BUENAVENTURA,Alimentación
FARMACIA INKAFARMA APROB629826,Salud
KFC SAN ISIDRO,Alimentación
UDEMY #804332,Educación
ADMINISTRACION EDIFICIO QR,Vivienda
OPTICA LA INES REF166638,Salud
COMPRA LINKEDIN LEARNING CARTAGENA,Educación
LABORATORIO ROE MEXICO,Salud
COMPRA PAGO PENSION COLEGIO MIRAFLORES,Educación
PAGO ONLINE CINEPOLIS,Ocio
PAGO ONLINE PLAZA VESTIR,Compras
PAGO ARRIENDO TARJETA 8091,Vivienda
COMPRA VTR CONCEPCION,Servicios
DIA MIRAFLORES,Alimentación
PLIN*TRINIDAD,Otros
HOMECENTER ROSARIO,Vivienda
COMPRA INTL CRUZ DEL SUR,Transporte
POS TELCEL,Servicios
ONLINE BATA,Compras
PEAJE RUTAS DEL SOL MIARFLORES,Transporte
COMPRA TCC PLAZAS EXITO ROPA,Compras
PARQUE ARAUCO ABR,Compras
APP APPLE TV PLUS,Ocio
SANTA ISABEL VISA,Alimentación
CINE COLOMBIA STORE,Ocio
ONLINE PARQUE DE LAS LEYENDAS,Ocio
SHELL REF763211,Transporte
YAPE*SABINA 140649,Servicios
SCOOTER MOVO LIMA,Transporte
MERCADO SHOPS AUTORIZ 939853,Compras
COMPRA INTL JOCKEY PLAZA,Compras
CLINICA SANNA MAY,Salud
ADMINISTRACION EDIFICIO LATAM,Vivienda
FALABELLA OP320360,Compras
DEB ZARA,Compras
CROSSFIT BOX STORE,Ocio
COSTANERA CENTER OP031925,Compras
WEB PEMEX,Transporte
FALABELLA VISA,Compras
TELCEL REF885528,Servicios
IZZI TELECOM JUN,Servicios
MUSEO INTERACTIVO LAS CONDES,Ocio
BITEL #556360,Servicios
DEB CASA DE CAMBIO,Otros
RETIRO CEVICHERIA EL RINCON,Alimentación
DEBITO AUTOMATICO PLAYSTATION STORE,Ocio
BAR EL BOTIJON VISA,Ocio
METRO SANTIAGO QR,Transporte
CARULLA OP309138,Alimentación
LA POLAR OP012355,Compras
DEBITO AUTOMATICO DEEZER,Ocio
CENTRO MEDICO SAN FELIPE CALI,Salud
DB DISNEY PLUS,Ocio
PAAGO HIPOTECARIO LATAM,Vivienda
TRX PAGO A TERCEROS,Otros
TAXI DATUM MIRAFLORES,Transporte
AMAZON COD954617,Compras
RAPPI RESTAURANTE OP946252,Alimentación
NRO OP 474590 WONG,Alimentación
POS METRO CDMX,Transporte
TRANSF A NIKE STORE,Compras
PLAZA VEA AUT316462,Alimentación
SUBTE BUENOS AIRES AUTORIZ 823510,Transporte
ONLINE PORTES BANCARIOS,Servicios
COD PARDOS CHICKEN,Alimentación
COMPRA DOMINOS PIZZA,Alimentación
COMPRA INTL DOMINOS PIZZA,Alimentación
COMPRA TC SEARS,Compras
CARGO SHELL,Transporte
LABORATORIO CLINICO ROCHE TARJETA 4882,Salud
COMPA WEB APPLE.COM,Compras
COMPRA TC ZARA,Compras
BURGER KING AUTORIZ 458560,Alimentación
COMPRA WEB LABORATORIO CLLINICO ROCHE,Salud
POS FARMACIA SIMILARES,Salud
PAGO RAPPI RESTAURANTE,Alimentación
PLIN*JUANITO,Alimentación
COMPRA CINEPOLIS,Ocio
DEPOSITO VARIOS CO,Otros
NETFLIX.COM QR,Ocio
TAXI DATUM TARJETA 0042,Transporte
NRO OP 512450 COMISION INTERBANCARIA,Servicios
PRESTO*360912,Alimentación
DEBITO AUTOMATICO JUAN VALDEZ,Alimentación
COMPRA TC CASA DE CAMBIO,Otros
CREDITO VIVIENDA REF019504,Vivienda
RETIRO INDRIVE,Transporte
DIDI OP067170,Transporte
YAPE*ISIDRO 465055,Alimentación
DIDI FOOD VISA,Alimentación
COMPRA POS CLARO SHOP,Compras
TRANSF A LA POSITIVA SEGUROS,Servicios
CINEMARK ABR,Ocio
MANTENIMIENTO TARJETA VISA,Servicios
EDENOR #997104,Servicios
TRANSF A DIDI,Transporte
LIBRERIA GANDHI REF979125,Educación
BUS EJECUTIVO COD904292,Transporte
ADIDAS STORE FEB,Compras
COMPRA LABORATORIO ROE,Salud
MOVISTAR AUTORIZ 322766,Servicios
CINEPOLIS MIRAFLORES,Ocio
DEBITO AUTOMATICO IN DRIVER,Transporte
WEB MERCADO SHOPS,Compras
CINE COLOMBIA APROB643374,Ocio
PAGO ONLINE DIA,Alimentación
PLIN*BLAS,Alimentación
MOVISTAR FIBRA LIMA,Servicios
COMPRA METRO SANTIAGO CONCEPCION,Transporte
MOVISTAR MASTERCARD,Servicios
UBER TRIP MASTERCARD,Transporte
PLAZA VESTIR #331394,Compras
COD ALIEXPRESS,Compras
POS ANTICUCHOS DON JORGE,Alimentación
COMPRA WEB SHELL,Transporte
TRX VEA SUPERMERCADO,Alimentación
POS APPLE.COM,Compras
COMISION INTERBANCARIA APROB983144,Servicios
APP HOMECENTER,Vivienda
CARGO REPSOL,Transporte
MOVISTAR FIBRA*592889,Servicios
FARMACIA INKAFARMA MASTERCARD,Salud
DEBITO AUTOMATICO APPLE TV PLUS,Ocio
CINEPLANET #935468,Ocio
TRX JOCKEY PLAZA,Compras
CENCOSUD STORE,Compras
COMPRA EDESUR LAS CONDES,Servicios
MAKRO SAN ISIDRO,Alimentación
DEB GAS NATURAL,Servicios
TRANSF A EBAY,Compras
FARMACIA SIMILARES VISA,Salud
DEB OPTICA GMO,Salud
PEAJE RUTAS DEL SOL LIMA,Transporte
PAGO ONLINE CINEPLANET,Ocio
OECHSLE VISA,Compras
ZARA AUT574343,Compras
COMISION MANTENIMIENTO CUENTA LATAM,Servicios
DEB COMISION MANTENIMIENTO CUENTA,Servicios
SIT MEDELLIN TARJETA 8115,Transporte
COMPRA FARMATODO QUERETARO,Salud
COMPRA TC DUOLINGO PLUS,Educación
VTR SAN ISIDRO,Servicios
VEA SPUERMERCADO VISA,Alimentación
YOUTUBE PREMIUM AUTORIZ 772576,Ocio
CARGO WOM,Servicios
PAGO A TERCEROS.COM,Otros
COMPRA POS CODENSA,Servicios
NIKE STORE STORE,Compras
YPF LIMA,Transporte
DOMINOS PIZZA AGO,Alimentación
VTR MASTERCARD,Servicios
APP PEDIDOSYA,Alimentación
PLAZA VESTIR SAN ISIDRO,Compras
RETIRO APPLE.CM,Compras
PROMART HOME CENTER #203345,Vivienda
TOTTUS AUTORIZ 600856,Alimentación
TRANSF A CLINICA SHAIO,Salud
PLAZA NORTE VISA,Compras
DEEZER.COM,Ocio
ITUZAINGO PEAJE 31/03,Transporte
SAGA FALABELLA MASTERCARD,Compras
SANTA FE MALL TARJETA 3170,Compras
COMPRA WEB PARKING PLUS,Transporte
REF UBER EATS,Alimentación
MOVISTAR FIBRA #962932,Servicios
PLIN*MARÍA JOSÉ,Servicios
SHELL APROB498012,Transporte
MANTTO CONJUNTO*913407,Vivienda
PARQUE DE LSA LEYENDAS REF514914,Ocio
NEQUI*MARGARITA,Servicios
AMAZON 06/06,Compras
CARGO AT&T MEXICO,Servicios
DAVIPLATA*TIBURCIO,Servicios
TRANSF A LIBRERIA GANDHI,Educación
DEBITO AUTOMATICO PRESTO,Alimentación
MOVISTAR AUT879994,Servicios
CENCOSUD AUTORIZ 694909,Compras
PLIN*MARINO,Servicios
COD AGUAS ANDINAS,Servicios
PAGO ONLINE SHEIN,Compras
MERCADO LIBRE AUTORIZ 769870,Compras
APP PARQUE EXPLORA,Ocio
PLIN*HERMINIA,Alimentación
DEBITO AUTOMATICO BERSHKA,Compras
CROSSFIT BOX REF315852,Ocio
LA COMER #657608,Alimentación
RIPLEY.COM,Compras
FARMACIA INKAFARMA OP516918,Salud
DEBITO AUTOMATICO UNIVERSIDAD ANDES,Educación
TRANSF A ENTEL,Servicios
POS DISCOTECA CLUB,Ocio
TRANSF A LABORATORIO ROE,Salud
METRO SANTIAGO REF786499,Transporte
PAGO ONLINE IN DRIVER,Transporte
DB CREPES WAFFLES,Alimentación
TOTTUS AGO,Alimentación
SPOTIFY STORE,Ocio
PAGO DISNEY PLUS,Ocio
PAGO CERTIFICACION 01JAN,Educación
YAPE*CHE,Servicios
EMRCADO SHOPS APROB080400,Compras
COD PAGO ARRIENDO,Vivienda
CLINICA SANNA.COM,Salud
COMPRA PROMART HOME CENTER,Vivienda
SUBTE BUENOS AIRES LIMA,Transporte
NRO OP 795347 AMAZON PRIME VIDEO,Ocio
TWITCH AUTORIZ 744492,Ocio
NIKE STORE LATAM,Compras
COMPRA INTL CHINA TOWN,Alimentación
COMPRA POS PUMA ENERGY,Transporte
YAPE*TRINIDAD,Servicios
PLIN*FERMÍN,Alimentación
PAGO TIGO,Servicios
RETIRO COPPEL,Compras
CLINICA RICARDO PALMA LATAM,Salud
ENVIO WESTERN UNION 20/03,Otros
EDDITORIAL SANTILLANA*033593,Educación
EXITO AUTORIZ 307436,Alimentación
PAGO MERCADO SHOPS,Compras
COMPRA PEAJE RUTA MAR DEL PLATA,Transporte
POS MANTENIMIENTO TARJETA,Servicios
CARREFOUR 31/07/24,Alimentación
SANTA FE MALL OP026615,Compras
PAGO PARQUE DE LAS LEYENDAS,Ocio
CASA DE CAMBIO #340312,Otros
DISCO STORE,Alimentación
BODYTECH GYM OP461902,Ocio
COMPRA INTL CENCOSUD,Compras
SODIMAC CONSTRUCCION AUTORIZ 288862,Vivienda
COD BUS EJECUTIVO,Transporte
COMPRA CENTRO MEDICO SAN FELIPE BUENOS AIRES,Salud
APP INSTITUTO IDIOMAS,Educación
LABORATORIO ROE AUT598368,Salud
NIKE STORE REF818583,Compras
NEQUI*MATEO 460078,Servicios
FARMACIA BENAVIDES 28-03-2025,Salud
PAGO FARMACIA SIMILARES,Salud
CROSSFIT BOX MIRAFLORES,Ocio
PRIMAAX QR,Transporte
REF COPA AIRLINES,Transporte
AMAZON PRIME VIDEO ROSRAIO,Ocio
MOVISTAR AUT427686,Servicios
PARKING PLUS SAN ISIDRO,Transporte
PUMA ENERGY*052876,Transporte
DEBITO AUTOMATICO CHINA TOWN,Alimentación
COMPRA UNIMARC,Alimentación
NRO OP 783179 DIDI,Transporte
APP BODYTECH GYM,Ocio
COMPRA TC FARMACIA SIMILARES,Salud
BATA #863834,Compras
AVIANCA SAN ISIDRO,Transporte
COTO TARJETA 1275,Alimentación
ADMINISTRACION CONJUNTO RESIDENCIAL JUN,Vivienda
JOCKEY PLAZA 16/01/24,Compras
TEATRO MUNICIPAL ENE,Ocio
DEBITO AUTOMATICO ENTEL,Servicios
CARGO MASSIMO DUTTI,Compras
BODYTECH GYM 28/05,Ocio
POS ADMINISTRACION EDIFICIO,Vivienda
CARGO PARAMOUNT PLUS,Ocio
ANALISIS CLINICOS UNIDOS TARJETA 9995,Salud
APP ENEX,Transporte
COMPRA POS CARULLA,Alimentación
RETIRO AMAZON,Compras
DEBITO AUTOMATICO MIFARMA,Salud
COMPRA WEB LIVERPOOL,Compras
RETIRO FALABELLA,Compras
KARAOKE BOX STORE,Ocio
CINEPOLIS MAY,Ocio
CRUZ VERDE QR,Salud
SANTA FE MALL SAN ISIDRO,Compras
PAGO ONLINE PEAJE RUTA,Transporte
CARGO MAKRO,Alimentación
MERCADO PAGO*PORFIRIO,Alimentación
TRX NTEL,Servicios
SEGUROS BOLIVAR COD118007,Servicios
COMPRA POS DIA,Alimentación
CLARO MIRAFLORES,Servicios
CINEMARK AUT203248,Ocio
NRO OP 535156 YPF,Transporte
COMPRA WEB KARAOKE BOX,Ocio
COMPRA TC NORKYS,Alimentación
DEB COMISION INTERBANCARIA,Servicios
COMPRA POS WALMART,Alimentación
NRO OP 815736 D1,Alimentación
CARGO PLAZA VEA SHO,Compras
COMPRA LIDER CALI,Alimentación
PLAZA VEA APROB072175,Alimentación
DEB CUOTA CONDOMINIO,Vivienda
DB INSTITUTO IDIOMAS,Educación
POS PRIMAX,Transporte
LINKEDIN LEARNING SAN ISIDRO,Educación
PLAZA NORTE REF686338,Compras
COMPRA GASCO,Servicios
POS EASY CONSTRUCCION,Vivienda
SWISS MEDICAL MIRAFLORES,Servicios
TRUPER FERRETERIA AUTORIZ 999920,Vivienda
DAVIPLATA*FABIOLA,Alimentación
BEMBOS*205144,Alimentación
BERSHKA AUT382407,Compras
TACO BELL.COM,Alimentación
DUNKIN STORE,Alimentación
SWISS MEDICAL #981043,Servicios
REF RIPLEY,Compras
COMPRA WOM BUCARAMANGA,Servicios
ADMINISTRACION CONJUNTO RESIDENCIAL REF097083,Vivienda
ENEL 16MAR,Servicios
APP UBER EATS,Alimentación
POS FARMACIA INKAFARMA,Salud
MERCADO SHOPS 12MAY,Compras
FALABELLA COD388384,Compras
COMPRA COPEC CONCEPCION,Transporte
CHEDRAUI 22/06,Alimentación
CARGO AEROMEXICO,Transporte
COMPRA INTL FARMACIA BENAVIDES,Salud
AT&T MEXICO TARJETA 4045,Servicios
ANALISIS CLINICOS UNIDOS*504776,Salud
PAGO ONLINE SWISS MEDICAL,Servicios
PORTES BANCARIOS*258078,Servicios
TRANSF A COURSERA,Educación
PAGO CLARO INTERNET,Servicios
COMPRA WEB MUNDO MARINO,Ocio
RETIRO PLAZAS EXITO ROPA,Compras
TRX MERCADO SHOPS,Compras
COMPRA WEB APPLE.COM,Compras
POS NINTENDO ESHOP,Ocio
COMPRA TC COPA AIRLINES,Transporte
MASSIMO DUTTI TARJETA 6929,Compras
BEMBOS CL,Alimentación
PLAYSTATION STORE REF792161,Ocio
APP PROMART HOME CENTER,Vivienda
PROMART HOME CENTER #102187,Vivienda
TEMU AUT467206,Compras
METRO QR,Alimentación
METRO DE LIMA APROB741365,Transporte
CARGO CONSULTORIO DENTAL SONRIE,Salud
ONLINE G500,Transporte
TRX COSTANERA CENTER,Compras
WALMART REF687235,Alimentación
MERCADO SHOPS AR,Compras
COMPRA TC PARAMOUNT PLUS,Ocio
TRANSF A PLAZA NORTE,Compras
FARMACIA BENAVIDES REF624082,Salud
POS IBERDROLA,Servicios
APP UDEMY,Educación
COMPRA TC CFE,Servicios
PAGO ONLINE VTR,Servicios
NINTENDO ESHOP MIRAFLORES,Ocio
DIDI STORE,Transporte
LA REBAJA VIRTUAL 29-03-2024,Salud
SANTA FE MALL #607964,Compras
MAKRO JUN,Alimentación
TRANSF A TEMU,Compras
RMIAC SEGUROS*144803,Servicios
WOM AUTORIZ 762639,Servicios
POS GASCO,Servicios
PAGO CHINA WOK,Alimentación
UNIMARC MASTERCARD,Alimentación
ALQUILER DEPARTAMENTO #545585,Vivienda
RETIRO DISNEY PLUS,Ocio
COMPRA SPOTIFY LA PLATA,Ocio
RETIRO CREDITO VIVIENDA,Vivienda
CHINA WOK 09-06-2025,Alimentación
PAGO SERV ENEX,Transporte
PUMA ENERGY OCT,Transporte
SALCOBRAND OP581666,Salud
FARMACIAS DEL AHORRO COD364508,Salud
MAESTRO HOME CENTER COD290829,Vivienda
DEEZER LIMA,Ocio
FALABELLA #966125,Compras
PAGO HIPOTECARIO STORE,Vivienda
COMPRA INTL ITUZAINGO PEAJE,Transporte
DB OPTICA LA INES,Salud
NEQUI*RAIMUNDO,Alimentación
PALACIO DE HIERRO QR,Compras
MERCADO LIBRE*511359,Compras
SORTEO LOTERIA QR,Otros
AMAZON PRIME VIDEO JUL,Ocio
NEQUI*MARCELA,Servicios
PAGO PENSION COLEGIO REF642597,Educación
APP FARMACIA GUADALAJARA,Salud
DEBITO AUTOMATICO CECNOSUD,Compras
COMPRA PLAZA VESTIR LA MOLINA,Compras
XBOX LIVE AUT070178,Ocio
YPF AUTORIZ 752067,Transporte
COMPRA WEB CHEDRAUI,Alimentación
REPSOL*154352,Transporte
COMPRA POS PARDOS CHICKEN,Alimentación
COMPRA TC SWISS MEDICAL,Servicios
PAGO ONLINE UNIMARC,Alimentación
NRO OP 325507 INDRIVE,Transporte
COMPRA INTL G500,Transporte
CLINICA LAS AMERICAS LIMA,Salud
COMPRA MAKRO,Alimentación
CRUZ DEL SUR REF650758,Transporte
UBER EATS QR,Alimentación
MCDONALDS REF906079,Alimentación
ESTACIONAMIENTO SAN ISIDRO,Transporte
WOM FIBRA OP584649,Servicios
DEBITO AUTOMATICO PLAZA NORTE,Compras
WEB MAESTRO HOME CENTER,Vivienda
ONLINE PUMA ENERGY,Transporte
DOMINOS PIZZA #357942,Alimentación
MODO*ZAIDA 763427,Servicios
PAGO CARREFOUR,Alimentación
INDRIVE*350476,Transporte
GASCO*309446,Servicios
PAGO WALMART,Alimentación
DISCO PE,Alimentación
PARQUE RAAUCO OP235822,Compras
COPA AIRLINES*686303,Transporte
METRO SANTIAGO MIRAFLORES,Transporte
UNIVERSIDAD PACIFICO COD377084,Educación
BUS EJECUTIVO AUTORIZ 762953,Transporte
DENTAL PLUS LATAM,Salud
POS SUBTE BUENOS AIRES,Transporte
YAPE*BÁRBARA 502817,Servicios
COMPRA OPTICA LA INES,Salud
PAGO SERV CARREFOUR,Alimentación
COMPRA TC DIDI,Transporte
COMPRA UDEMY AREQUIPA,Educación
SAGA FALABELLA STORE,Compras
MOVISTAR FIBRA*342051,Servicios
PAGO EPM,Servicios
CLINICA SHAIO SAN ISIDRO,Salud
COMPRA CLINICA LAS AMERICAS,Salud
DUNKIN REF216438,Alimentación
DEBITO AUTOMATICO TEMU,Compras
MERCADO PAGO*CURRO 080399,Servicios
LIDER 28FEB,Alimentación
ONLINE CRUZ DEL SUR,Transporte
COURSERA JUL,Educación
PAGO CERTIFICACION STORE,Educación
PAYLESS TARJETA 5351,Compras
POS MANTTO CONJUNTO,Vivienda
COMPRA INTL SORTEO LOTERIA,Otros
DIDI AUT724949,Transporte
PARQUE EXPLORA TARJETA 0785,Ocio
COPPEL VISA,Compras
COMPRA OPTICA GMO,Salud
APP OSDE PREPAGA,Servicios
REF PAGO HIPOTECARIO,Vivienda
ONLINE CLINICA LAS AMERICAS,Salud
DEBITO AUTOMATICO OPTICA GMO,Salud
PUMA ENERGY LATAM,Transporte
PLIN*RICARDO,Alimentación
POS METRO DE LIMA,Transporte
RETIRO 7 ELEVEN,Alimentación
TELCEL SAN ISIDRO,Servicios
PLAZA NORTE*913976,Compras
AT&T MEXICO TRUJILLO,Servicios
COMPRA POS NORKYS,Alimentación
DUNKIN AUTORIZ 856872,Alimentación
WEB CHILIS,Alimentación
COMPRA WEB OXXO,Alimentación
COMPRA TC CODENSA,Servicios
COOMEVA EPS STORE,Servicios
SIT MEDELLIN OP383466,Transporte
DB MAPFRE SEGUROS,Servicios
COMPRA INTL NINTENDO ESHOP,Ocio
PARAMOUNT PLUS VISA,Ocio
PLIN*VIDAL,Alimentación
PANADERIA SAN JORGE AUT443602,Alimentación
COMPRA POS CRUZ DEL SUR,Transporte
MODO*WILFREDO,Alimentación
COMPRA INTL CLARO SHOP,Compras
PAGO SERV MERCADO SHOPS,Compras
WEB PMEX,Transporte
MODO*BELÉN,Servicios
PULL BEAR LAS CONDES,Compras
COMPRA INTL COPPEL,Compras
RIFA BENEFICA MIRAFLORES,Otros
PAGO SERV WOM FIBRA,Servicios
APP AT&T MEXICO,Servicios
PAYLESS AUTORIZ 820391,Compras
ONLINE OPTICA LA INES,Salud
DENTAL PLUS AUT822374,Salud
COMPRA SPORTLIFE GYM MIRAFLORES,Ocio
PALACIO DE HIERRO REF818172,Compras
AUTOPISTA NORTE OP563805,Transporte
JUAN VALDEZ QR,Alimentación
PAGO SERV SANTA FE MALL,Compras
ALIEXPRESS COD017891,Compras
PAGO ONLINE TEATRO MUNICIPAL,Ocio
COMPRA TWITCH,Ocio
FARMACIA GUADALAJARA MIRAFLORES,Salud
H&M TARJETA 5406,Compras
COD COMISION INTERBANCARIA,Servicios
ESTACIONAMIENTO AUTORIZ 748412,Transporte
CREPES WAFFLES QR,Alimentación
REF YOUTUBE PREMIUM,Ocio
DB LIVERPOOL,Compras
DEB AVANTEL,Servicios
TELCEL*103260,Servicios
ADIDAS STORE AUTORIZ 977073,Compras
ONLINE AVIANCA,Transporte
TRANSF A DENTAL PLUS,Salud
EDESUR LIMA,Servicios
MERCADO PAGO*FRANCISCO JAVIER,Alimentación
PAGO ONLINE COPPEL,Compras
COD LA COMER,Alimentación
COMPRA WEB MANTTO CONJUNTO,Vivienda
TOTTUS CHILE*819730,Alimentación
REF ADMINISTRACION EDIFICIO,Vivienda
NIKE STORE COD981141,Compras
COMPRA TC CREPES WAFFLES,Alimentación
PRIMAX QR,Transporte
COMPRA POS INSTITUTO IDIOMAS,Educación
PAGO PARQUE ARAUCO,Compras
FARMACIA BENAVIDES*672318,Salud
COMPRA WEB BUS EJECUTIVO,Transporte
SURA SEGUROS TIJUANA,Servicios
POS PLAZAS EXITO ROPA,Compras
SORIANA LIMA,Alimentación
WEB SPOTIFY,Ocio
OPTICA LA INES*022522,Salud
COSTANERA CENTER.COM,Compras
ONLINE LIDER,Alimentación
PAGO SERV DIA,Alimentación
PAGO HOSPITAL ANGELES,Salud
COMISION MANTENIMIENTO CUENTA MEDELLIN,Servicios
NEQUI*PAULA,Alimentación
COOMEVA EPPS COD850036,Servicios
COMPRA INTL ML*COMPRA,Compras
AJUSTE CONTABLE COD695545,Otros
PARKING PLUS REF113512,Transporte
ADMINISTRACION EDIFICIO CABA,Vivienda
COMPRA TC WOM,Servicios
ZARA.COM,Compras
COMPRA WEB MERCADO SHOPS,Compras
FARMACIA SIMILARES TARJETA 8382,Salud
FERRETERIA EL TORNILLO COD069957,Vivienda
COMPRA TC CARREFOUR,Alimentación
PAGO HIPOTECARIO.COM,Vivienda
SPORTLIFE GYM QR,Ocio
COPA AIRLINES AR,Transporte
TAXI DATUM COD454053,Transporte
COMPRA WEB FARMACIA BENAVIDES,Salud
POS JUAN VALDEZ,Alimentación
NIKE STORE AUT342763,Compras
NRO OP 849526 BATA,Compras
EPM APROB334502,Servicios
METRO SANTIAGO VISA,Transporte
TRANSF A CLINICA LAS AMERICAS,Salud
CARGO MAX.COM,Ocio
FARMACIA BENAVIDES REF509317,Salud
G500 CHICLAYO,Transporte
ONLINE BERSHKA,Compras
FARMACIA SIMILARES NOV,Salud
DUOLINGO PLUS #312430,Educación
APP OLIMPICA,Alimentación
PAGO SERV HOMECENTER,Vivienda
SUBTE BUENOS AIRES QR,Transporte
ONLINE ENTEL,Servicios
TELCEL 19-07-2024,Servicios
COMPRA INTL PAGO PENSION COLEGIO,Educación
COMPRA OSDE PREPAGA,Servicios
ALIEXPRESS TARJETA 2868,Compras
COD TOTTUS CHILE,Alimentación
DENTAL PLUS QR,Salud
TRANSF A CUOTA CONDOMINIO,Vivienda
YAPE*EMILIANO,Servicios
NIKE STORE REF240205,Compras
PLAYSTATION STORE AR,Ocio
BERSHKA AUTORIZ 432091,Compras
POS SORIANA,Alimentación
MODO*RICO,Servicios
DAVIPLATA*ÁGATA 841198,Alimentación
CHINA WOK SEP,Alimentación
CLARO SHOP.COM,Compras
BODYTECH GYM LA MOLINA,Ocio
DB SALCOBRAND,Salud
COMPRA COOMEVA EPS,Servicios
SEARS MASTERCARD,Compras
IN DRIVER MIRAFLORES,Transporte
COMPRA 7 ELEVEN SAN ISIDRO,Alimentación
ADIDAS STORE MEXICO,Compras
APP CHINA WOK,Alimentación
NRO OP 378798 SHEIN,Compras
PAGO SERV ADIDAS STORE,Compras
COMPRA WEB SALCOBRAND,Salud
LIVERPOOL AR,Compras
UBER EATS AUT649593,Alimentación
TICKETMASTER TARJETA 6058,Ocio
COMPRA AVIANCA,Transporte
PERSONAL ARG SEP,Servicios
POS ALLIANZ SEGUROS,Servicios
COMPRA TC CINEMARK,Ocio
REF PEDIDOSYA,Alimentación
NEQUI*FELICIANO,Alimentación
ANTICUCHOS DON JORGE APROB745896,Alimentación
COMPRA TC SPORTLIFE GYM,Ocio
SORIANA QR,Alimentación
APPLE.COM*490647,Compras
NRO OP 613961 TWITCH,Ocio
COMPRA POS SODIMAC CONSTRUCCION,Vivienda
COMPRA PARAMOUNT PLUS,Ocio
PAGO TWITCH,Ocio
LATAM AIRLINES*355798,Transporte
AGUAS ANDINAS TARJETA 1438,Servicios
RETIRO DEEZER,Ocio
LA POLAR SAN ISIDRO,Compras
APP 7 ELEVEN,Alimentación
DEB SANTA ISABEL,Alimentación
APP EDENOR,Servicios
LUZ DEL SUR 02/10/24,Servicios
COD JUAN VALDEZ,Alimentación
COPA AIRLINES #084212,Transporte
SORIANA QUERETARO,Alimentación
DISNEY PLUS AUTORIZ 019284,Ocio
COMPRA CRUZ DEL SUR,Transporte
RETIRO ENVIO WESTERN UNION,Otros
PAPA JOHNS STORE,Alimentación
PAGO SERV OXXO,Alimentación
PAGO SERV PAGO PENSION UNIVERSIDAD,Educación
CHILIS LATAM,Alimentación
TRANSF A TWITCH,Ocio
RETIRO TOTTUS,Alimentación
RETIRO PARQUE EXPLORA,Ocio
BERSHKA #007190,Compras
ANALISIS CLINICOS UNIDOS CDMX,Salud
CRISTAL AUTORIZ 138535,Alimentación
PRIMAX COD100125,Transporte
COMPRA PLAZA VEA SHOP PEREIRA,Compras
PAGO ONLINE MCDONALDS,Alimentación
RETIRO UDEMY,Educación
CARGO DEEZER,Ocio
BERSHKA.COM,Compras
ONLINE NORKYS,Alimentación
PAGO SERV OSDE PREPAGA,Servicios
AGUAS ANDINAS 25MAR,Servicios
DEB CLINICA SHAIO,Salud
CREPES WAFFLES 19MAY,Alimentación
MODO*AMAYA,Servicios
DEB METRO,Alimentación
LA POLAR MAIPU,Compras
PEAJE RUTAS DEL SOL LA MOLINA,Transporte
ALIEXPRESS*791427,Compras
COD MANTTO CONJUNTO,Vivienda
WEB ZARA,Compras
YPF QR,Transporte
GIRO INTERNACIONAL REF510654,Otros
DEB CINEPOLIS,Ocio
STEAM GAMES OP412902,Ocio
DEBITO AUTOMATICO DISCO,Alimentación
TRANSANTIAGO OP189988,Transporte
RETIRO SURA SEGUROS,Servicios
SCOOTER MOVO COD652647,Transporte
NRO OP 645939 MAPFRE SEGUROS,Servicios
DB PRIMAX,Transporte
PAGO PENSION UNIVERSIDAD REF480597,Educación
PAGO SERV STARBUCKS,Alimentación
SORIANA SAN ISIDRO,Alimentación
PERSONAL ARG MIRAFLORES,Servicios
PAGO EASY CONSTRUCCION,Vivienda
RETIRO NIKE STORE,Compras
LABORATORIO ROE NUNOA,Salud
DEB TERPEL,Transporte
RIPLEY MASTERCRD,Compras
PORTES BANCARIOS MASTERCARD,Servicios
CHILIS 22-03-2024,Alimentación
BATA APROB863166,Compras
PEDIDOSYA #662976,Alimentación
ANTICUCHOS DON JORGE AUTORIZ 096602,Alimentación
DB RIMAC SEGUROS,Servicios
COMPRA PAGO MATRICULA,Educación
DUNKIN OP181143,Alimentación
LA POLAR TARJETA 4774,Compras
REF PUMA ENERGY,Transporte
CINE COLOMBIA OP221259,Ocio
PAGO DIDII,Transporte
TRANSF A TOTTUS CHILE,Alimentación
ITUZAINGO PEAJE AUTORIZ 811091,Transporte
TRANSF A AVIANCA,Transporte
TOTTUS OCT,Alimentación
CARGO MCDONALDS,Alimentación
DIDI PUEBLA,Transporte
PARDOS CHICKEN OP903226,Alimentación
FARMATODO AUTORIZ 682894,Salud
DEB PARDOS CHICKEN,Alimentación
CHINA TOWN LATAM,Alimentación
COMPRA PAYLESS,Compras
NRO OP 951626 WOM FIBRA,Servicios
VTR AUTORIZ 259887,Servicios
DB LABORATORIO CLINICO ROCHE,Salud
COMMPRA TC JOCKEY PLAZA,Compras
PAGO PLAZA NORTE,Compras
PLIN*FELICIDAD,Alimentación
BAR EL BOTIJON REF981794,Ocio
IZZI TELECOM AUTORIZ 617868,Servicios
APP LABORATORIO CLINICO ROCHE,Salud
POS FARMATODO,Salud
PAGO TELMEX INTERNET,Servicios
NRO OP 178552 GASCO,Servicios
COMPRA TC UBER TRIP,Transporte
MCDONALDS.COM,Alimentación
LIVERPOOL ENVIGADO,Compras
ALIEXPRESS MASTERCARD,Compras
DEB RIMAC SEGUROS,Servicios
PALACIO DE HIERRO SAN ISIDRO,Compras
COD HOSPITAL ANGELES,Salud
NRO OP 469013 EASY CONSTRUCCION,Vivienda
PARQUE ARAUCO PERU,Compras
CRUZ VERDE CHAPINERO,Salud
COMPRA INTL DISCOTECA CLUB,Ocio
SUBWAY LIMA,Alimentación
COMPRA TC COOMEVA EPS,Servicios
COMPRA WALMART ROSARIO,Alimentación
DUOLINGO PLUS OP519485,Educación
ALQUILER DEPARTAMENTO*181497,Vivienda
PAGO SERV LATAM AIRLINES,Transporte
COMPRA DOMINOS PIZZA CORDOBA,Alimentación
COMPRA ADMINISTRACION EDIFICIO PALERMO,Vivienda
PAGO PENSION UNIVERSIDAD AUT505375,Educación
KARAOKE BOX APROB511308,Ocio
OLMPICA 09/06,Alimentación
ONLINE ANALISIS CLINICOS UNIDOS,Salud
CREDITO VIVIENDA MIRAFLORES,Vivienda
COMPRA BOLETERIA JOINNUS,Ocio
COTO OP727192,Alimentación
FALABELLA MEDELLIN,Compras
REF COOMEVA EPS,Servicios
PAGO SERV UBER EATS,Alimentación
PAGO ONLINE DISCOTECA CLUB,Ocio
ONLINE EBAY,Compras
JUAN VALDEZ MEXICO,Alimentación
PUMA ENERGY STORE,Transporte
CLARO SHOP AUT148510,Compras
TRX PAGO PENSION UNIVERSIDAD,Educación
DEB DISNEY PLUS,Ocio
JUMBO REF788390,Alimentación
APP VEA SUPERMERCADO,Alimentación
G500 PE,Transporte
PAGO PENSION UNIVERSIDAD DIC,Educación
CENCOSUD OP527281,Compras
COMPRA POS UBER TTRIP,Transporte
COMPRA BOLETERIA JOINNUS LA MOLINA,Ocio
SANTA FE MALL.COM,Compras
POS H&M,Compras
LIVERPOOL.COM,Compras
DB AEROMEXICO,Transporte
EDESUR 10/08/24,Servicios
PORTES BANCARIOS SEP,Servicios
COMPRA BOLETERIA JOINNUS SURCO,Ocio
SHEIN.COM,Compras
PAGO DISCO,Alimentación
LA POLAR OP443998,Compras
PRIMAX COD573095,Transporte
CLARO INTERNET.COM,Servicios
COMPRA TEATRO MUNICIPAL,Ocio
FARMATODO*448461,Salud
WEB IBERDROLA,Servicios
MAKRO APROB109891,Alimentación
PAGO ONLINE COPA AIRLINES,Transporte
PRIMAX OP605293,Transporte
CABIFY NOV,Transporte
CRUZ VERDE LIMA,Salud
SHELL APROB425165,Transporte
REF HOSPITAL ANGELES,Salud
ENTEL MASTERCARD,Servicios
COD DIA,Alimentación
PAGO SERV AUTOPISTA NORTE,Transporte
PEAJE RUTAS DEL SOL CL,Transporte
WOM MEXXICO,Servicios
APP FERIA DEL LIBRO,Ocio
PLATZI LIMA,Educación
DISNEY PLUS AUT754135,Ocio
DIA QR,Alimentación
NRO OP 977230 OLIMPICA,Alimentación
APP POLLERIA NORKYS,Alimentación
AEROMEXICO TARJETA 8924,Transporte
COMPRA CLINICA SANNA,Salud
HBO MAX VISA,Ocio
BEAT AUT377006,Transporte
PEAJE RUTAS DEL SOL #627255,Transporte
IN DRIVER AUT198676,Transporte
NRO OP 767936 PANADERIA SAN JORGE,Alimentación
COMPRA SUBTE BUENOS AIRES MEDELLIN,Transporte
COD MIFARMA,Salud
UDEMY TARJETA 4261,Educación
COMPRA WEB PLATZI,Educación
WEB SALCOBRAND,Salud
LUZ DEL SUR COD087758,Servicios
COMPRA TC OLIMPICA,Alimentación
COMPRA SIT MEDELLIN COYOACAN,Transporte
CARGO MIFARMA,Salud
REPSOL OP366332,Transporte
BAR EL BOTIJON*755392,Ocio
AGUAS ANDINAS OP772316,Servicios
COMPRA WEB REPSOL,Transporte
COMPRA POS CHEDRAUI,Alimentación
APPLE.COM AUT089578,Compras
DEB UBER EATS,Alimentación
NEQUI*LORENA,Servicios
COMPRA METRO CDMX TOLUCA,Transporte
TRX DIA,Alimentación
CARGO CINEPOLIS,Ocio
FERIA DEL LIBRO PE,Ocio
COMPRA TC METRO DE LIMA,Transporte
ONLINE ARA,Alimentación
CUOTA CONDOMINIO REF030824,Vivienda
TELCEL REF888904,Servicios
COMPRA WEB JOCKEY PLAZA,Compras
COMPRA INSTITUTO IDIOMAS PEREIRA,Educación
COMPRA WEB CUOTA CONDOMINIO,Vivienda
BEMBOS 10-01-2024,Alimentación
TRX BEAT,Transporte
TEMU LIMA,Compras
BUS EJECUTIVO*148931,Transporte
NRO OP 630524 BURGER KING,Alimentación
PAGO SERV HOSPITAL ITALIANO,Salud
ONLINE ESTACIONAMIENTO,Transporte
TRANSF A SANCOR SEGUROS,Servicios
DB TRANSANTIAGO,Transporte
ONLINE INSTITUTO IDIOMAS,Educación
EL CORRAL COLOMBIA,Alimentación
TRANSF A CRUZ DEL SUR,Transporte
CHEDRAUI AUTORIZ 388111,Alimentación
SODIMAC CONSTRUCCION STORE,Vivienda
COD PLAZA VEA,Alimentación
COMPRA TC SIT MEDELLIN,Transporte
TACO BELL LATAM,Alimentación
PAGO SERV GAS NATURAL,Servicios
YAPE*DOLORES,Alimentación
POS CUOTA CONDOMINIO,Vivienda
ITUZAINGO PEAJE REF228239,Transporte
NRO OP 722446 NETFLIX.COM,Ocio
CARGO ENTEL,Servicios
PLAZA VEA APROB937429,Alimentación
UNIVERSIDAD ANDES MASTERCARD,Educación
TRUPER FERRETERIA LIMA,Vivienda
CLARO REF513127,Servicios
RIMAC SEGUROS REF619854,Servicios
FERRETERIA EL TORNILLO FEB,Vivienda
MOVISTAR PROVIDENCIA,Servicios
CHINA WOK STORE,Alimentación
REF TRANSANTIAGO,Transporte
COMPRA TC FARMACIAS DEL AHORRO,Salud
DEB SALCOBRAND,Salud
DIDI LATAM,Transporte
NORKYS #930375,Alimentación
TRX PLAZA VESTIR,Compras
NEQUI*CLETO 520077,Alimentación
MODO*LINA 376226,Alimentación
POS INDRIVE,Transporte
COOMEVA EPS LIMA,Servicios
MANTTO CONJUNTO OP980621,Vivienda
COMPRA INTL DUNKIN,Alimentación
OXXO REF821121,Alimentación
SUBTE BUENOS AIRES REF421712,Transporte
TEMU MIRAFLORES,Compras
EL CORRAL AUTORIZ 623398,Alimentación
PLAZAS EXITO OPA SAN ISIDRO,Compras
ALQUILER DEPARTAMENTO REF529156,Vivienda
ONLINE CUOTA CONDOMINIO,Vivienda
COMPRA POS LABORATORIO CLINICO ROCHE,Salud
PARKING PLUS TARJETA 3098,Transporte
CRUZ VERDE ASTERCARD,Salud
COD AMZN MKTPLACE,Compras
CABIFY AUT681871,Transporte
LIVERPOOL QR,Compras
COMPRA POS AMZN MKTPLACE,Compras
POS CHINA TOWN,Alimentación
CREPES WAFFLES AGO,Alimentación
PAGO HIPOTECARIO LIMA,Vivienda
WEB FRISBY,Alimentación
COMPRA FERRETERIA EL TORNILLO,Vivienda
PLAZAS EXITO ROPA*747270,Compras
CENTRO MEDICO SAN FELIPE REF844215,Salud
TRANSF A JOCKEY PLAZA,Compras
OPTICA GMO*343807,Salud
DEBITO AUTOMATICO SAGA FALABELLA,Compras
HOSPITAL ITALIANO COD221050,Salud
COMPRA MANTTO CONJUNTO CHICLAYO,Vivienda
VEA SUPERMERCADO QR,Alimentación
COMPRA WEB PAYLESS,Compras
PAGO MANTENIMIENTO TARJETA,Servicios
PADROS CHICKEN.COM,Alimentación
PAGO PAGO PENSION UNIVERSIDAD,Educación
IZZI TELECOM*932423,Servicios
ESTACIONAMIENTO MEXICO,Transporte
POS LUZ DEL SUR,Servicios
INDRIVE TARJETA 2826,Transporte
PAGO A TERCEROS QR,Otros
TRANSF A STARBUCKS,Alimentación
MAESTRO HOME CENTER LIMA,Vivienda
WOM FIBRA VISA,Servicios
YAPE*MANU 598662,Alimentación
MASIMO DUTTI*993269,Compras
NORKYS OP424339,Alimentación
PAGO GASCO,Servicios
DB TAXI DATUM,Transporte
TRX METRO DE LIMA,Transporte
COMPRA WEB TRANSANTIAGO,Transporte
COD MERCADO LIBRE,Compras
SALCOBRAND CONCEPCION,Salud
TECNOLOGICO DE MONTERREY OP458983,Educación
MANTENIMIENTO TARJETA Q,Servicios
SWISS MEDICAL AUT506419,Servicios
TRANSF A PAPA JOHNS,Alimentación
REF MOVISTAR FIBRA,Servicios
DEBITO AUTOMATICO MOVISTAR,Servicios
ITUZAINGO PEAJE AUT287064,Transporte
SALCOBRAND*799646,Salud
EDENOR OP077268,Servicios
DB SCOOTER MOVO,Transporte
BAR EL BOTIJON SAN ISIDRO,Ocio
RETIRO ZARA,Compras
TACO BELL OP959717,Alimentación
VEA SUPERMERCADO APROB222058,Alimentación
STEAM GAMES QR,Ocio
DISNEY PLUS AUT842407,Ocio
COD PARKING PLUS,Transporte
BAR EL BOTIJON TARJETA 6346,Ocio
COMPRA WEB METRO CDMX,Transporte
DISNEY PLUS TARJETA 5412,Ocio
METRO CDMX.COM,Transporte
REF MIFARMA,Salud
COD DISCO,Alimentación
TRANSANTIAGO REF469876,Transporte
PANADERIA SAN JORGE SAN ISIDRO,Alimentación
TELMEX INTERNET TOLUCA,Servicios
UBER TRIP TARJETA 4626,Transporte
MERCADO PAGO*HUGO 405397,Alimentación
COMPRA POS EPM,Servicios
MERCADO SHOPS REF968726,Compras
REF INMOBILIARIA CENTURY21,Vivienda
GA NATURAL APROB043603,Servicios
PEMEX VISA,Transporte
EASY CONSTRUCCION TARJETA 2894,Vivienda
OECHSLE COD433906,Compras
DB GASCO,Servicios
RIPLEY REF531480,Compras
DB D1,Alimentación
YAPE*TELMO,Servicios
PAGO SERV PLAZA VEA SHOP,Compras
PANADERIA SAN JORGE 18/05/25,Alimentación
TRX FARMACIA INKAFARMA,Salud
TRX LA POLAR,Compras
AJUSTE CONTABLE MASTERCARD,Otros
G500 TARJETA 1176,Transporte
DB CRUZ DEL SUR,Transporte
COMPRA TC ESTACIONAMIENTO,Transporte
WEB CLARO INTERNET,Servicios
DENTAL PLUS AGO,Salud
DEBITO AUTOMATICO PARKING PLUS,Transporte
LA REBAJA VIRTUAL SAN ISIDRO,Salud
ALIEXPRESS AREQUIPA,Compras
DAVIPLATA*DÉBORA 915298,Servicios
NRO OP 897106 EDENOR,Servicios
MANTENIMIENTO TARJETA 21/01,Servicios
BATA AUTORIZ 203708,Compras
DEBITO AUTOMATICO EBAY,Compras
ITUZAINGO PEAJE ARGENTINA,Transporte
XBOX LIVE AR,Ocio
TIGO APROB887994,Servicios
CRUZ VERDE APROB959146,Salud
IBERDROLA REF571786,Servicios
COMPRA POS LIDER,Alimentación
DUNKIN SAN ISIDRO,Alimentación
UDEMY TARJETA 4221,Educación
WOM REF768348,Servicios
CABIFY CUSCO,Transporte
METRO DE LIMA REF272104,Transporte
APP SANITAS EPS,Servicios
PAGO ADMINISTRACION CONJUNTO RESIDENCIAL,Vivienda
INDRIVE BUENOS AIRES,Transporte
PRESTO QR,Alimentación
MUSEO INTERACTIVO MEDELLIN,Ocio
PEMEX PERU,Transporte
WALMART OP788994,Alimentación
EXITO OP674640,Alimentación
CRISTAL 27NOV,Alimentación
OECHSLE APROB481393,Compras
COD MAKRO,Alimentación
COMPRA LA POLAR CALI,Compras
COMPRA AUTOPISTA NORTE,Transporte
OLIMPICA OCT,Alimentación
COMPRA EBAY,Compras
APP SANCOR SEGUROS,Servicios
SHELL 24DEC,Transporte
PAYLESS COD841454,Compras
NRO OPP 170792 ENEX,Transporte
TRANSF A COPPEL,Compras
NRO OP 505586 CINEPLANET,Ocio
MERCADO PAGO*RUY,Alimentación
UBBER TRIP MIRAFLORES,Transporte
BURGER KING APROB059632,Alimentación
TRX MASSIMO DUTTI,Compras
SODIMAC CONSRUCCION LIMA,Vivienda
COMPRA POS PORTES BANCARIOS,Servicios
DB SAGA FALABELLA,Compras
DAVIPLATA*FLORENTINA,Alimentación
PRESTO LATAM,Alimentación
DUNKIN OCT,Alimentación
COMPRA TC PRIMAX,Transporte
PAGO ONLINE HOSPITAL ITALIANO,Salud
PAYLESS TARJETA 9110,Compras
COMPRA TC CLARO,Servicios
REF CENCOSUD,Compras
WEB LIVERPOOL,Compras
DB TWITCH,Ocio
COD TWITCH,Ocio
PEDIDOSYA LATAM,Alimentación
COMPRA WEB TELCEL,Servicios
CINEPLANET MASTERCARD,Ocio
OLNINE TRANSANTIAGO,Transporte
TWITCH SAN ISIDRO,Ocio
YAPE*JUAN LUIS,Alimentación
JUMBO REF459437,Alimentación
COMPRA POS UNIVERSIDAD PACIFICO,Educación
ONLINE PRIMAX,Transporte
SODIMAC CONSTRUCCION QR,Vivienda
FERIA DEL LIBRO APROB175487,Ocio
PAPA JOHNS 17/05,Alimentación
COMPRA INTL COPA AIRLINES,Transporte
TRANSF A BUS EJECUTIVO,Transporte
CRUZ DEL SUR 11-07-2024,Transporte
JOCKEY PLAZA MIRAFLORES,Compras
APP SEARS,Compras
PAGO DIA,Alimentación
CARGO SUBTE BUENOS AIRES,Transporte
MODO*MELANIA 185859,Servicios
TIGO REF487379,Servicios
DEBITO AUTOMATICO TWITCH,Ocio
REF SUBWAY,Alimentación
UBER TRIP AUTORIZ 298283,Transporte
H&M SAN ISIDRO,Compras
TRUPER FERRETERIA LAS CONDES,Vivienda
DEB DOMINOS PIZZA,Alimentación
LINKEDIN LEARNING MIRAFLORES,Educación
MUNDO MARINO MASTERCARD,Ocio
CINEPLANET #909080,Ocio
JOCKEY PLAZA MASTERCARD,Compras
FARMACIA INKAFARMA COD036238,Salud
COMPRA PRIMAX CHICLAYO,Transporte
COTO VISA,Alimentación
METRO DE LIMA 16-05-2024,Transporte
TRX ML*COMPRA,Compras
LA REBAJA VIRTUAL VALPARAISO,Salud
DEB AT&T MEXICO,Servicios
RIMAC SEGUROS AUT890251,Servicios
MAX.COM MIRAFLORES,Ocio
COMPRA WEB CRUZ VERDE,Salud
BOLETERIA JOINNUS MX,Ocio
CHEDRAUI VISA,Alimentación
TRANSANTIAGO SAN ISIDRO,Transporte
RETIRO BEMBOS,Alimentación
CLARO SHOP BUCARAMANGA,Compras
DEBITO AUTOMATICO CHINA WOK,Alimentación
TIGO STORE,Servicios
RIMAC SEGUROS #913912,Servicios
PAGO HIPOTECARIO VISA,Vivienda
PARQUE EXPLORA LATAM,Ocio
ARA COD479646,Alimentación
CREPES WAFFLES PERU,Alimentación
MANTTO CONJUNTO MASTERCARD,Vivienda
SANITAS EPS PALERMO,Servicios
MODO*LEOPOLDO 500518,Alimentación
ONLINE PAGO PENSION UNIVERSIDAD,Educación
POS PLAYCENTER,Ocio
COMPRA TC ARA,Alimentación
BEAT VISA,Transporte
COMPRA POS PLAZA NORTE,Compras
ANALISIS CLINICOS UNIDOS MENDOZA,Salud
CLARO INTERNET*425493,Servicios
PLAZAS EXITO ROPA COD438073,Compras
UNIVERSIDAD PACIFICO AUTORIZ 584406,Educación
COMPRA WEB AGUAS ANDINAS,Servicios
PLAZA VESTIR 06MAY,Compras
RIPLEY MX,Compras
FARMACIA INKAFARMA AUTORIZ 721782,Salud
H&M #099376,Compras
PAGO MATRICULA.COM,Educación
PAGO SERV RIMAC SEGUROS,Servicios
COMPRA FERRETERIA EL TORNILLO TRUJILLO,Vivienda
ARA AUT490251,Alimentación
COMPRA INTL PAGO MATRICULA,Educación
PEDIDOSYA AUTORIZ 372342,Alimentación
CLINICA LAS AMERICAS 29MAR,Salud
TRANSF A PERSONAL ARG,Servicios
CODENSA STORE,Servicios
CENTRO MEDICO SAN FELIPE TIJUANA,Salud
ESTACIONAMIENTO COD563933,Transporte
AGUAS ANDINAS AUTORIZ 376657,Servicios
RETIRO ENEX,Transporte
ANTICUCHOS DON JORGE MIRAFLORES,Alimentación
MODO*JOSE IGNACIO,Alimentación
EB DISCOTECA CLUB,Ocio
PAGO ALIEXPRESS,Compras
DISCO QR,Alimentación
COMPRA WEB PEDIDOSYA,Alimentación
UBER TRIP #021061,Transporte
ONLINE BURGER KING,Alimentación
YAPE*ISIDORA 513981,Alimentación
TWITCH SEP,Ocio
PAGO ONLINE CRISTAL,Alimentación
COMPRA INTL ADMINISTRACION EDIFICIO,Vivienda
PAGO SERV MANTTO CONJUNTO,Vivienda
DB UBER TRIP,Transporte
PAGO A TERCEROS MAR,Otros
PAGO ONLINE CRUZ VERDE,Salud
RETIRO YPF,Transporte
ANALISIS CLINICOS UNIDOS APROB692533,Salud
DISCO MIRAFLORES,Alimentación
PERSONAL ARG.COM,Servicios
PAGO SERV CINEMARK,Ocio
BODYTECH GYM QR,Ocio
POS SORTEO LOTERIA,Otros
CRUZ VERDE NOV,Salud
PAGO TACO BELL,Alimentación
CARGO PARQUE EXPLORA,Ocio
SWISS MEDICAL LATAM,Servicios
SHEIN #564508,Compras
EDENOR APROB415568,Servicios
COMPRA INTL ADMINISTACION EDIFICIO,Vivienda
COMPRA GAS NATURAL AREQUIPA,Servicios
PAGO SERV PEAJE RUTA,Transporte
COMPRA WEB CREDITO VIVIENDA,Vivienda
WEB FFARMACIA BENAVIDES,Salud
NRO OP 833290 FARMACIA BENAVIDES,Salud
BATA MIRAFLORES,Compras
REF ADMINISTRACION CONJUNTO RESIDENCIAL,Vivienda
COMISION INTERBANCARIA MIRAFLORES,Servicios
SHELL VISA,Transporte
TRANSF A LIDER,Alimentación
OECHSLE SEP,Compras
FARMACIA INKAFARMA REF848266,Salud
PAGO ONLINE COURSERA,Educación
PAGO SERV RIPLEY,Compras
SANCOR SEGUROS PROVIDENCIA,Servicios
NEQUI*FAUSTO 016816,Servicios
SALCOBRAND LIMA,Salud
REF DIDI,Transporte
NEQUI*LORENZA,Servicios
TRANSANTIAGO TARJETA 7103,Transporte
DB RIFA BENEFICA,Otros
PALACIO DE HIERRO PALERMO,Compras
PLAYCENTER QR,Ocio
COPEC VISA,Transporte
APPLE.COM MIRAFLORES,Compras
COMPRA CREDITO VIVIENDA CABA,Vivienda
DEBITO AUTOMATICO CARULLA,Alimentación
OPTICA GMO REF719831,Salud
COMPRA TC ENEX,Transporte
FERIA DEL LIBRO*737852,Ocio
EDESUR*202588,Servicios
TRX LIVERPOOL,Compras
TELCEL AUTORIZ 063201,Servicios
RETIRO AEROMEXICO,Transporte
CARGO XBOX LIVE,Ocio
COMPRA INTL LIVERPOOL,Compras
SORIANA SURCO,Alimentación
PAGO SERV CONCIERTO LIVE NATION,Ocio
CENCOSUD AUT076707,Compras
MAESTRO HOME CENTER MIRAFLORES,Vivienda
NRO OP 904704 PALACIO DE HIERRO,Compras
CABIFY REF304149,Transporte
LABORATORIO CLINICO ROCHE MIRAFLORES,Salud
PAGO SERV YPF,Transporte
APP SPOTIFY,Ocio
PAGO CUOTA CONDOMINIO,Vivienda
MASSIMO DUTTI #647538,Compras
PAGO ONLINE CLARO INTERNET,Servicios
POS SANTA ISABEL,Alimentación
PAGO CINEPLANET,Ocio
COMPRA WEB DUNKIN,Alimentación
TRANSF A TRUPER FERRETERIA,Vivienda
DB AMZN MKTPLACE,Compras
BATA COD412412,Compras
NRO OP 832384 COPEC,Transporte
DEBITO AUTOMATICO BOLETERIA JOINNUS,Ocio
TRANSF A MIFARMA,Salud
CLARO SHOP TARJETA 7589,Compras
CARGO HOSPITAL ITALIANO,Salud
DEB SODIMAC CONSTRUCCION,Vivienda
NRO OP 211494 APPLE.COM,Compras
POS CLINICA SANNA,Salud
PEDIDOSYA 24/06,Alimentación
PAYLESS ARGENTINA,Compras
CODENSA APROB142447,Servicios
PARQUE ARAUCO MIRAFLORES,Compras
PAGO SUR ASEGUROS,Servicios
CRUZ DEL SUR COD806277,Transporte
XBOX LIVE MASTERCARD,Ocio
PROMART HOME CENTER CALI,Vivienda
WEB PRESTO,Alimentación
COMPRA AT&T MEXICO MIRAFLORES,Servicios
POS SANITAS EPS,Servicios
TRANSF A MASSIMO DUTTI,Compras
CROSSFIT BOX AUT780003,Ocio
INMOBILIARIA CENTURY21 CHILE,Vivienda
DAVIPLATA*CIRINO,Alimentación
SALCOBRAND REF263420,Salud
ENEX AUTORIZ 322119,Transporte
PAGO SERV LUZ DEL SUR,Servicios
TRX RIFA BENEFICA,Otros
CLARO VISA,Servicios
AGUAS ANDINAS STORE,Servicios
ENEX SAN ISIDRO,Transporte
COD SEDAPAL,Servicios
REF SANTA ISABEL,Alimentación
AMAZON #356980,Compras
CENCOSUD APROB997794,Compras
AMAZON PRIME VIDEO REF696649,Ocio
COTO TARJETA 0804,Alimentación
COMPRA TC H&M,Compras
CARGO BATA,Compras
DIDI CL,Transporte
APPLE.COM MX,Compras
TICKETMASTER VISA,Ocio
COD POLLERIA NORKYS,Alimentación
PAGO CHILIS,Alimentación
PAGO SERV PARQUE EXPLORA,Ocio
TRANSF A TERPEL,Transporte
PRIMAX*942922,Transporte
PRIMAX STORE,Transporte
COMPRA TC AUTOPISTA NORTE,Transporte
CFE MIRAFLORES,Servicios
PAGO COOMEVA EPS,Servicios
FALABELLA QR,Compras
TRANSFERENCIA VARIOS QR,Otros
COMPRA ML*COMPRA LAS CONDES,Compras
COD CARREFOUR,Alimentación
POS CENCOSUD,Compras
ALLIANZ SEGUROS ARGENTINA,Servicios
FARMACIA BENAVIDES APROB129010,Salud
PRIMAX OP763977,Transporte
SEARS OP567769,Compras
CHILIS*604986,Alimentación
CINEPOLIS LIMA,Ocio
FARMACIA GUADALAJARA COLOMBIA,Salud
H&M VISA,Compras
APPLE.COM JUN,Compras
DENTAL PLUS LIMA,Salud
TERPEL VISA,Transporte
PAGO A TERCEROS LIMA,Otros
TEATRO MUNICIPAL TARJETA 7802,Ocio
DEB UBER TRIP,Transporte
DEBITO AUTOMATICO HOMECENTER,Vivienda
COMPRA PARKING PLUS,Transporte
PAGO SERV EPM,Servicios
BEMBOS 11-05-2024,Alimentación
DB CREPE SWAFFLES,Alimentación
WEB HBO MAX,Ocio
TWITCH NOV,Ocio
TRANSF A MANTTO CONJUNTO,Vivienda
COMPRA POS CASA DE CAMBIO,Otros
TELCEL COD638210,Servicios
PARQUE EXPLORA TARJETA 7295,Ocio
CARGO LABORATORIO CLINICO ROCHE,Salud
PEAJE RUTA*223864,Transporte
WOM FIBRA REF215383,Servicios
YAPE*SABAS,Servicios
TELCEL STORE,Servicios
TRANSF A ENVIO WESTERN UNION,Otros
AVIANCA QR,Transporte
CREDITO VIVIENDA OP951417,Vivienda
COMPRA INTL MERCADO LIBRE,Compras
SODIMAC CONSTRUCCION VISA,Vivienda
NRO OP 579828 SURA SEGUROS,Servicios
PAGO ONLINE RETIRO CAJERO,Otros
REF PERSONAL ARG,Servicios
TRUPER FERRETERIA SAN ISIDRO,Vivienda
COMPRA WEB ENVIO WESTERN UNION,Otros
METRO DE LIMA*313099,Transporte
COMPRA TC CRUZ VERDE,Salud
TICKETMASTER COD556410,Ocio
COD CUOTA CONDOMINIO,Vivienda
COURSERA MIRAFLORES,Educación
NRO OP 844331 CODENSA,Servicios
MAESTRO HOME CENTER ARGENTINA,Vivienda
HBO MAX LIMA,Ocio
ENEL STORE,Servicios
EDITORIAL SANTILLANA MIRAFLORES,Educación
POS BEAT,Transporte
TEMU QR,Compras
RIMAC SEGUROS AUTORIZ 368342,Servicios
COMPRA INTL PLAZAS EXITO ROPA,Compras
ENTEL LIMA,Servicios
INDRIVE AR,Transporte
REF SEDAPAL,Servicios
PLAZA NORTE TARJETA 6879,Compras
PAGO INSTITUTO CIBERTEC,Educación
WEB PAGO HIPOTECARIO,Vivienda
MODO*EMILIO 993534,Alimentación
EBAY VISA,Compras
SEHLL QR,Transporte
FARMACIA SIMILARES COD472326,Salud
BODYTECH GYM OP471713,Ocio
COMPRA PLAZA NORTE SURCO,Compras
CARGO PARKING PLUS,Transporte
TWITCH LIMA,Ocio
AGUAS ANDINAS APROB618967,Servicios
7 ELEVEN LIMA,Alimentación
CONSULTORIO DENTAL SONRIE AUT443925,Salud
IN DRIVER MIRAFLROES,Transporte
NRO OP 038699 OECHSLE,Compras
MCDONNALDS REF815740,Alimentación
COMPRA FARMATODO POLANCO,Salud
PEMEX*491420,Transporte
REF AMZN MKTPLACE,Compras
REF EASY CONSTRUCCION,Vivienda
COMPRA TC VTR,Servicios
TRANSF A CREPES WAFFLES,Alimentación
TRANSF A CREDITO VIVIENDA,Vivienda
DB PALACIO DE HIERRO,Compras
TRX ESTACIONAMIENTO,Transporte
PEDIDOSYA APROB924612,Alimentación
TRANSF A OPTICA LA INES,Salud
WEB PARQUE DE LAS LEYENDAS,Ocio
ENEX REF914841,Transporte
PEAJE RUTAS DEL SOL STORE,Transporte
POS BEMBOS,Alimentación
ML*COMPRA*562898,Compras
ONLINE NIKE STORE,Compras
CFE MASTERCARD,Servicios
FARMATODO AUT135483,Salud
ALLIANZ SEGUROS QR,Servicios
WEB TICKETMASTER,Ocio
MODO*ABRAHAM,Servicios
DAVIPLATA*PEDRO,Alimentación
AEROMEXICO REF992122,Transporte
NRO OP 372064 STEAM GAMES,Ocio
PAGO ONLINE SOPRTLIFE GYM,Ocio
LINKEDIN LEARNING LIMA,Educación
AEROMEXICO OP813962,Transporte
CARGO JUMBO,Alimentación
PAGO ONLINE SANTA ISABEL,Alimentación
YPF SAN ISIDRO,Transporte
COPEC AUT460978,Transporte
COMPRA WEB AVIANCA,Transporte
LA REBAJA VIRTUAL MASTERCARD,Salud
RIPLEY*688443,Compras
UBER TRIP COD652082,Transporte
ONLIE WONG,Alimentación
REF PLAZA VEA,Alimentación
DEBITO AUTOMATICO MAESTRO HOME CENTER,Vivienda
REF PETROPERU,Transporte
LIVERPOOL*071873,Compras
APP BATA,Compras
RETIRO BBEAT,Transporte
NRO OP 841156 KFC,Alimentación
TRANSF A LABORATORIO CLINICO ROCHE,Salud
PAGO ONLINE SUBTE BUENOS AIRES,Transporte
DENTALL PLUS COD686356,Salud
COMPRA TC ALIEXPRESS,Compras
REF NIKE STORE,Compras
COMPRA SANTA FE MALL,Compras
TRANSF A PEAJE RUTAS DEL SOL,Transporte
IN DRIVER AUT688182,Transporte
BODYTECH GYM VISA,Ocio
LA REBAJA VIRRTUAL AUTORIZ 416006,Salud
MOVISTAR LIMA,Servicios
MUSEO INTERACTIVO JUN,Ocio
UBER TRIP COD079353,Transporte
DEBITO AUTOMATICO AVANTEL,Servicios
PUMA ENERGY VISA,Transporte
PAGO ONLINE STEAM GAMES,Ocio
LATAM AIRLINES AUTORIZ 319009,Transporte
DEBITO AUTOMATICO PARQUE ARAUCO,Compras
PAGO ONLINE WOM FIBRA,Servicios
DOMINOS PIZZA SAN ISIDRO,Alimentación
ONLINE OLIMPICA,Alimentación
COD SURA SEGUROS,Servicios
CREDITO VIVIENDA COD781087,Vivienda
COMPRA TC CINEPLANET,Ocio
CFE PE,Servicios
MERCADO PAGO*BENIGNO,Otros
DAVIPLATA*NILO,Otros
PAGO ONLINE PANADERIA SAN JORGE,Alimentación
LATAM AIRLINES TARJETA 8095,Transporte
SUBTE BUENOS AIRES ROSARIO,Transporte
POS MERCADO LIBRE,Compras
COMPRA HBO MAX VITACURA,Ocio
TRX EDITORIAL SANTILLANA,Educación
MIFARMA AUT041547,Salud
DEBITO AUTOMATICO KARAOKE BOX,Ocio
RIPLEY ARGENTINA,Compras
SALCOBRAND NOV,Salud
COPPEL REF839886,Compras
ONLINE CLARO INTERNET,Servicios
NEQUI*SOLEDAD 005906,Alimentación
AT&T MEXICO TARJETA 5760,Servicios
INDIRVE AUTORIZ 941931,Transporte
COMPRA INTL UDEMY,Educación
RAPPI RESTUARANTE AUTORIZ 982005,Alimentación
KFC 28APR,Alimentación
ADMINISTRACION CONJUNTO RESIDENCIAL LIMA,Vivienda
DEBITO AUTOMATICO TERPEL,Transporte
TEATRO MUNICIPAL TARJTA 3828,Ocio
EPM OP978396,Servicios
NIKE STORE AUT810954,Compras
EDENOR MASTERCARD,Servicios
COMPRA WEB GAS NATURAL,Servicios
COMPRA POS TEMU,Compras
PRESTO AUT406706,Alimentación
TRX BATA,Compras
NRO OP 629932 SANTA F MALL,Compras
APP RETIRO CAJERO,Otros
DEB CLARO SHOP,Compras
COMPRA MERCADO SHOPS SANTIAGO,Compras
PAGO ONLINE PEAJE RUTAS DEL SOL,Transporte
DEBITO AUTOMATICO TAXI DATUM,Transporte
REF ZARA,Compras
CHEDRAUI MIRAFLORES,Alimentación
NIKE STORE REF800998,Compras
XBOX LIVE.COM,Ocio
COPA AIRLINES ABR,Transporte
GIRO INTERNACIONAL MIRAFLORES,Otros
MANTENIMIENTO TARJETA AUTORIZ 975372,Servicios
MAKRO STORE,Alimentación
COMPRA TC PARQUE DE LAS LEYENDAS,Ocio
DAVIPLATA*PACA,Alimentación
REF RAPPI RESTAURANTE,Alimentación
DEBITO AUTOMATICO COSTANERA CENTER,Compras
DAVIPLATA*BERNARDA,Servicios
LA POLAR LIMA,Compras
PAGO SERV PARAMOUNT PLUS,Ocio
COD PLAZA VEA SHOP,Compras
METRO CDMX SAN ISIDRO,Transporte
PLATZI QR,Educación
RETIRO PUMA ENERGY,Transporte
COMPRA CUOTA CONDOMINIO SAN ISIDRO,Vivienda
COMPRA WEB CARREFOUR,Alimentación
RETIRO DONACION ONG,Otros
PAGO YPF,Transporte
COMPRA WEB PEAJE RUTA,Transporte
DIDI VISA,Transporte
APP WOM,Servicios
DEB CONCIERTO LIVE NATION,Ocio
DB PAYLESS,Compras
TRX MAESTRO HOME CENTER,Vivienda
PAGO WOM,Servicios
METRO SANTIAGO MX,Transporte
PARQUE AARUCO*022850,Compras
ADMINISTRACION CONJUNTO RESIDENCIAL AUT747253,Vivienda
ALIEXPRESS MAR DEL PLATA,Compras
SUBWAY APROB096568,Alimentación
PAGO ALQUILER DEPARTAMENTO,Vivienda
CARREFOUR QR,Alimentación
COMPRA WEB PLAYSTATION SSTORE,Ocio
NINTENDO ESHOP AR,Ocio
ONLINE HOMECENTER,Vivienda
TRANSF A CHINA TOWN,Alimentación
APP SHEIN,Compras
TRX DUNKIN,Alimentación
DEB PRIMAX,Transporte
COMPRA TC NIKE STORE,Compras
MIFRAMA AUTORIZ 525531,Salud
IN DRIVER APROB966237,Transporte
MUNDO MARINO COD200109,Ocio
SEDAPAL MIRAFLORES,Servicios
7 ELEVEN.COM,Alimentación
PAGO ARRIENDO MASTERCARD,Vivienda
PAGO SERV PROMART HOME CENTER,Vivienda
BODYTECH GYM MIRAFLORES,Ocio
DOMINOS PIZZA MEXICO,Alimentación
CLARO INTERNET TARJETA 5728,Servicios
CHINA TOWN NOV,Alimentación
COOMEVA EPS MENDOZA,Servicios
PARQUE DE LAS LEYENDAS.COM,Ocio
PAGO JUAN VALDEZ,Alimentación
RETIRO EPM,Servicios
PAGO SERV JUAN VALDEZ,Alimentación
NRO OP 201679 PRESTO,Alimentación
COD ENTEL,Servicios
EDITORIAL SANTILLANA AUTORIZ 670214,Educación
YAPE*ALEJO,Servicios
YPF VISA,Transporte
MANTENIMIENTO TARJETA OP924811,Servicios
BATA #245823,Compras
D1 MIRAFLORES,Alimentación
GAS NATURAL 29/01/24,Servicios
COPEC MIRAFLORES,Transporte
CARGO DISCO,Alimentación
ONLINE PAYLESS,Compras
FARMACIA INKAFARMA COD646739,Salud
DEBITO AUTOMATICO MUSEO INTERACTIVO,Ocio
BODYTECH GYM TIJUANA,Ocio
TRANSF A TOTTUS,Alimentación
DAVIPLATA*JULIÁN,Alimentación
COMPRA BERSHKA LAS CONDES,Compras
PLAZA NORTE APROB820390,Compras
POS PAGO ARRIENDO,Vivienda
HOSPITAL ITALIANO*139499,Salud
RETIRO PARDOS CHICKEN,Alimentación
MOVISTAR FIBRA COD084728,Servicios
PLAZA VESTIR #487450,Compras
NRO OP 419690 ADMINISTRACION CONJUNTO RESIDENCIAL,Vivienda
COMPRA INTL SALCOBRAND,Salud
MIFARMA #736596,Salud
APPLE.COM SAN ISIDRO,Compras
COPPEL LIMA,Compras
CENTRO MEDICO SAN FELIPE QR,Salud
TRANSF A CROSSFIT BOX,Ocio
PLAZA VEA OP638927,Alimentación
GASCO.COM,Servicios
PAGO IN DRIVER,Transporte
PARKING PLUS 23-09-2024,Transporte
AT&T MEXICO AUTORIZ 600670,Servicios
COMPRA MCDONALDS CALI,Alimentación
PAGO ONLINE MAPFRE SEGUROS,Servicios
COD SORIANA,Alimentación
PAGO ONLINE TRANSANTIAGO,Transporte
METRO SANTIAGO*171137,Transporte
SODIMAC CONSTRUCCION MIRAFLORES,Vivienda
PARQUE DE LAS LEYENDAS #971416,Ocio
BITEL OP957155,Servicios
COMPRA TC WALMART,Alimentación
SEGUROS BOLIVAR #215324,Servicios
PAGO VARIOS QR,Otros
COD FALABELLA,Compras
RETIRO BATA,Compras
CARGO EDENOR,Servicios
TRX ADMINISTRACION EDIFICIO,Vivienda
MODO*ÁLVARO 990554,Alimentación
PAGO SERV BEMBOS,Alimentación
NRO OP 551460 CONSULTORIO DENTAL SONRIE,Salud
POS TOTTTUS,Alimentación
LIVERPOOL TARJETA 8884,Compras
COD COOMEVA EPS,Servicios
COMPRA TC INDRIVE,Transporte
INDRIVE SAN ISIDRO,Transporte
COMPRA ANALISIS CLINICOS UNIDOS CHICLAYO,Salud
CENCOSUD*753341,Compras
PLAZA VEA SHOP ENE,Compras
BAR EL BOTIJON LATAM,Ocio
WEB PAGO MATRICULA,Educación
ITUZAINGO PEAJE COD953686,Transporte
LIDER LIMA,Alimentación
COPMRA PAPA JOHNS MIRAFLORES,Alimentación
ENEL REF112240,Servicios
COMPRA BUS EJECUTIVO,Transporte
VEA SUPERMERCADO COLOMBIA,Alimentación
ML*COMPRA COD244455,Compras
MERCADO PAGO*AMOR,Alimentación
OSDE PREPAGA MIRAFLORES,Servicios
COMPRA INTL OPTICA GMO,Salud
DEB FARMACIA INKAFARMA,Salud
INMOBILIARIA CENTURY21 VISA,Vivienda
SPOTIFY MASTERCARD,Ocio
PAGO UNIVERSIDAD ANDES,Educación
COMPRA INTL DEPOSITO VARIOS,Otros
AGUAS ANDINAS MEXICO,Servicios
PAGO SERV PAPA JOHNS,Alimentación
COMPRA WEB ADIDAS STORE,Compras
COMPRA WEB GASCO,Servicios
PLIN*SELENA 826343,Servicios
COMPRA POS CREPES WAFFLES,Alimentación
FARMACIA BENAVIDES APROB125208,Salud
AUTOPISTA NORTE SAN ISIDRO,Transporte
TEMU SAN ISIDRO,Compras
APP ANTICUCHOS DON JORGE,Alimentación
FERRETERI EL TORNILLO CUSCO,Vivienda
ONLINE PAGO VARIOS,Otros
COMPRA POS PEMEX,Transporte
WOM APROB915797,Servicios
COMPRA TC SURA SEGUROS,Servicios
DISNEY PLUS LIMA,Ocio
PALACIO DE HIERRO ARGENTINA,Compras
DEBITO AUTOMATICO SIT MEDELLIN,Transporte
CARGO DENTAL PLUS,Salud
COMPRA CLINICA LAS AMERICAS SURCO,Salud
TAXI DATUM MASTERCARD,Transporte
PARKING PLUS #941600,Transporte
BUS EJECUTIVO STORE,Transporte
TICKETMASTER.COM,Ocio
COMPRA WEB PLAZAS EXITO ROPA,Compras
OPTICA GMO MIRAFLORES,Salud
SIT MEDELLIN SEP,Transporte
WEB PULL BEAR,Compras
PARAMOUNT PLUS AUT436404,Ocio
FALABELLA.COM,Compras
DEB EPM,Servicios
DUNKIN UN,Alimentación
DEBITO AUTOMATICO FARMACIA BENAVIDES,Salud
REF BURGER KING,Alimentación
GAS NATURAL APROB927409,Servicios
IZZI TELECOM AUTORRIZ 849565,Servicios
TRX SORIANA,Alimentación
SUBTE BUENOS AIRES*825850,Transporte
TERPEL STORE,Transporte
APP ENTEL,Servicios
COMPRA POS PETROPERU,Transporte
SUBTE BUENOS AIRES Q,Transporte
PLAYSTATION STORE TARJETA 6290,Ocio
PARQUE DE LAS LEYENDAS LATAM,Ocio
NORKYS*505397,Alimentación
COMPRA WEB METRO,Alimentación
COMPRA POS SUBTE BUENOS AIRES,Transporte
UNIVERSIDAD PACIFICO OP118598,Educación
CREDITO VIVIENDA TARJETA 4361,Vivienda
ZARA 02MAY,Compras
CONSULTORIO DENTAL SONRIE APROB676447,Salud
HOSPITAL ITALIANO VISA,Salud
SUBWAY OP405196,Alimentación
APP YOUTUBE PREMIUM,Ocio
WOM AUT442309,Servicios
EXITO MASTERCARD,Alimentación
COMPRA AGUAS ANDINAS PUEBLA,Servicios
PAGO COSTANERA CENTER,Compras
FARMATODO VISA,Salud
LA COMER 15/07,Alimentación
LA REBAJA VIRTUAL.COM,Salud
TRX SEGUROS BOLIVAR,Servicios
CINEMARK QR,Ocio
APPLE.COM*728422,Compras
MAKRO MENDOZA,Alimentación
COMPRA POS WONG,Alimentación
DEB PLAZA NORTE,Compras
DEB SWISS MEDICAL,Servicios
MERCADO PAGO*IBÁN,Alimentación
FRISBY LIMA,Alimentación
PRESTO AUTORIZ 316630,Alimentación
YAPE*JOAN,Alimentación
CEVICHERIA EL RINCON VISA,Alimentación
TRX UBER EATS,Alimentación
COMPRA POS DISNEY PLUS,Ocio
COMPRA TC WOM FIBRA,Servicios
LABORATORIO CLINICO ROCHE QR,Salud
PAGO ONLINE SPORTLIFE GYM,Ocio
PAGO SERV ALLIANZ SEGUROS,Servicios
DB FARMATODO,Salud
PGO ONLINE STEAM GAMES,Ocio
PAGO ONLINE CONSULTORIO DENTAL SONRIE,Salud
DB CENCOSUD,Compras
LIVERPOOL TARJETA 4886,Compras
DEBITO AUTOMATICO COOMEVA EPS,Servicios
WEB ALQUILER DEPARTAMENTO,Vivienda
APP SODIMAC CONSTRUCCION,Vivienda
SUBTE BUENOS AIRES MIRAFLORES,Transporte
PAGO ONLINE LABORATORIO ROE,Salud
YPF #130579,Transporte
PAGO CONSULTORIO DENTAL SONRIE,Salud
STEAM GAMES.COM,Ocio
TERPEL*156913,Transporte
PEMEX APROB039051,Transporte
MERCADO PAGO*LÁZARO 866197,Alimentación
AMAZON LATAM,Compras
PLIN*CAYETANO,Alimentación
TRANSMILENIO AUT009141,Transporte
COMPRA WEB KFC,Alimentación
ZARA #272359,Compras
TRANSF A PARAMOUNT PLUS,Ocio
SPORTLIFE GYM MASTERCARD,Ocio
PERSONAL ARG PE,Servicios
NRO OP 535330 MAKRO,Alimentación
WEB RIPLEY,Compras
MANNTTO CONJUNTO STORE,Vivienda
APGO TERPEL,Transporte
PAGO POLLERIA NORKYS,Alimentación
SANTA ISABEL MEXICO,Alimentación
COPA AIRLINES MASTERCARD,Transporte
CEVICHERIA EL RINCON APROB646977,Alimentación
KARAOKE BOX COD432426,Ocio
COMPRA WEB VEA SUPERMERCADO,Alimentación
DOMINOS PIZZA LIMA,Alimentación
PERSONAL ARG CALI,Servicios
OXXO AUT314604,Alimentación
PAGO ONLINE YPF,Transporte
CINEPOLIS #666523,Ocio
ONLINE AEROMEXIO,Transporte
AVIANCA COD229885,Transporte
APP BURGER KING,Alimentación
TICKETMASTER MASTERCARD,Ocio
COMPRA ML*COMPRA BUCARAMANGA,Compras
COMPRA TC FARMACIA INKAFARMA,Salud
SANCOR SEGUROS VISA,Servicios
COMPRA POS PROMART HOME CENTER,Vivienda
OPTICA GMO*037554,Salud
PAGO HIPOTECARIO APROB373617,Vivienda
WEB MASSIMO DUTTI,Compras
NINTENDO ESHOP AGO,Ocio
DEB MUNDO MARINO,Ocio
COMPRA ICPNA,Educación
SAGA FALLABELLA AUTORIZ 635842,Compras
YPF PE,Transporte
NETFLIX.COM #259750,Ocio
HOMECENTER.COM,Vivienda
BURGER KING LATAM,Alimentación
SHEIN SAN ISIDRO,Compras
COMPRA COPA AIRLINES SURCO,Transporte
POS RIPLEY,Compras
LIBRERIA GANDHI OP913709,Educación
SODIMAC CONSTRUCCION*550200,Vivienda
COMPRA LABORATORIO CLINICO ROCHE,Salud
COMPRA POS BAR EL BOTIJON,Ocio
DEB BAR EL BOTIJON,Ocio
RETIRO MAESTRO HOME CENTER,Vivienda
RETIRO PEAJE RUTAS DEL SOL,Transporte
COMPRA MANTENIMIENTO TARJETA MAR DEL PLATA,Servicios
SANTA FE MALL ENE,Compras
TOTTUS 30-03-2025,Alimentación
PARAMOUNT PLUS REF461934,Ocio
COD PULL BEAR,Compras
PEAJE RUTA #742113,Transporte
SEDAPAL VISA,Servicios
SIT MEDELLIN 30/05,Transporte
DEBITO AUTOMATICO ALIEXPRESS,Compras
WEB ESTACIONAMIENTO,Transporte
HOSPITAL ITALIANO MASTERCARD,Salud
TEATRO MUNICIPAL SAN ISIDRO,Ocio
TRX HOSPITAL ANGELES,Salud
PULL BEAR PE,Compras
TOTTUS CHILE 07/06,Alimentación
PERSONAL ARG 21JUN,Servicios
HOMECENTER REF961133,Vivienda
ONLINE WOM,Servicios
RIMAC SEGUROS JUN,Servicios
PAGO ARRIENDO STORE,Vivienda
COPEC JUN,Transporte
PLIN*REYNALDO,Alimentación
PAGO PENSION COLEGIO AUTORIZ 979097,Educación
MANTTO CONJUNTO #405255,Vivienda
ZARA #796483,Compras
CINEPLANET #009975,Ocio
INMOBILIARIA CENTURY21 REF657113,Vivienda
COPA AIRLINES STORE,Transporte
AT&T MEXICO #899699,Servicios
LABORATORIO ROE 14MAR,Salud
PEDIDOSYA NOV,Alimentación
EBAY MIRAFLORES,Compras
TRX UBER TRIP,Transporte
MERCADO LIBRE TARJETA 3852,Compras
PAGO ONLINE CENTRO MEDICO SAN FELIPE,Salud
XBOX LIVE APROB079858,Ocio
CREDITO VIVIENDA COLOMBIA,Vivienda
COMPRA TC ITUZAINGO PEAJE,Transporte
SWISS MEDICAL COD315635,Servicios
MAKRO LIMA,Alimentación
NRO OP 339996 DEEZER,Ocio
COMPRA POS LA POLAR,Compras
DEB AMZN MKTPLACE,Compras
RIPLEY STORE,Compras
POS FARMACIAS DEL AHORRO,Salud
RETIRO SWISS MEDICAL,Servicios
NEQUI*NOEMÍ,Servicios
SIT MEDELLIN MIRAFLORES,Transporte
SHEIN AUT166439,Compras
NRO OP 955364 SALCOBRAND,Salud
LA COMER AUTORIZ 784896,Alimentación
DB SEGUROS BOLIVAR,Servicios
REF PAGO PENSION UNIVERSIDAD,Educación
SHEIN APROB630053,Compras
AMZN MKTPLACE LIMA,Compras
BITEL LIMA,Servicios
COD AT&T MEXICO,Servicios
RETIRO TEMU,Compras
POS CONSULTORIO DENTAL SONRIE,Salud
CENTRO MEDICO SAN FELIPE*046914,Salud
COMPRA POS LABORATORIO ROE,Salud
DB MUSEO INTERACTIVO,Ocio
OPTICA GMO STORE,Salud
AMAZON PRIME VIDEO 09-03-2025,Ocio
XBOX LIVE LIMA,Ocio
RETIRO BOLETERIA JOINNUS,Ocio
METRO AGO,Alimentación
APP G500,Transporte
ONLINE NETFLIX.COM,Ocio
PAGO UBER TRIP,Transporte
REPSOL VISA,Transporte
COMPRA POS WOM,Servicios
TRANSF A EASY CONSTRUCCION,Vivienda
TRANSFERENCIA VARIOS 13/05,Otros
VTR #489788,Servicios
AUTOPISTA NORTE MIRAFLORES,Transporte
RETIRO DIA,Alimentación
REF SHELL,Transporte
NRO OP 697460 BODYTECH GYM,Ocio
NRO OP 880177 TRANSANTIAGO,Transporte
RETIRO ITUZAINGO PEAJE,Transporte
FARMACIA BENAVIDES AUTORIZ 545262,Salud
COD PAYLESS,Compras
UNIMARC STORE,Alimentación
YAPE*GASPAR,Servicios
PAGO ONLINE SODIMAC CONSTRUCCION,Vivienda
TRANSF A PEMEX,Transporte
CHEDRAUI COD315300,Alimentación
COMPRA DISNEY PLUS MENDOZA,Ocio
FARMACIA BENAVIDES TARJETA 1459,Salud
NIKE STORE MASTERCARD,Compras
CLARO INTERNET OP044198,Servicios
MERCADO LIBRE MASTERCARD,Compras
COMPRA ALIEXPRESS VALPARAISO,Compras
TRX TEATRO MUNICIPAL,Ocio
POS LINKEDIN LEARNING,Educación
CASA DE CAMBIO MASTERCARD,Otros
TRX HBO MAX,Ocio
COMPRA POS RIMAC SEGUROS,Servicios
REF PLATZI,Educación
DIA AUTORIZ 245393,Alimentación
DAVIPLATA*LUISINA 114600,Alimentación
SANTA ISABEL MIRAFLORES,Alimentación
TIGO SAN ISIDRO,Servicios
ONLINE FRISBY,Alimentación
NRO OP 579582 SWISS MEDICAL,Servicios
NRO OP 424308 PLAYCENTER,Ocio
LIVERPOOL AUT551113,Compras
PAYLSES LATAM,Compras
GASCO OP667040,Servicios
COMPRA COOMEVA EPS MIRAFLORES,Servicios
TRANSF A HOSPITAL ANGELES,Salud
DAVIPLATA*EULALIA,Servicios
PAGO SERV OLIMPICA,Alimentación
EPM LATMA,Servicios
SANTA FE MALL*410826,Compras
TRANSF A ITUZAINGO PEAJE,Transporte
NRO OP 768167 CUOTA CONDOMINIO,Vivienda
FARMACIA INKAFARMA COD919705,Salud
PAGO SERV INMOBILIARIA CENTURY21,Vivienda
RAPPI RESTAURANTE DIC,Alimentación
TRANSF A CRUZ VERDE,Salud
ML*COMPRA PE,Compras
EBAY STORE,Compras
D1 APROB385176,Alimentación
SAGA FALABELLA LIMA,Compras
TOTTUS CHILE #573406,Alimentación
ICPNA*319207,Educación
REF CHILIS,Alimentación
SORIANA ENVIGADO,Alimentación
ZARA 26-06-2024,Compras
GIRO INTERNACIONAL 27APR,Otros
FALABELLA SAN ISIDRO,Compras
ONLINE CRUZ VERDE,Salud
ENTE LCOD682938,Servicios
TRX SHELL,Transporte
PERSONAL ARG #998666,Servicios
COMPRA INTL CRUZ VERDE,Salud
CINEPLANET REF264114,Ocio
COPPEL MASTERCARD,Compras
CLARO SHOP AGO,Compras
APPLE TV PLUS CALI,Ocio
REF COPEC,Transporte
REF SAGA FALABELLA,Compras
PAPA JOHNS OCT,Alimentación
CEVICHERIA EL RINCON 16/02,Alimentación
NRO OP 607751 ADMINISTRACION EDIFICIO,Vivienda
ONLINE MERCADO SHOPS,Compras
D1 MASTERCARD,Alimentación
OSDE PREPAGA STORE,Servicios
NEQUI*CEBRIÁN,Alimentación
MAX.COM ENE,Ocio
POS PEAJE RUTAS DEL SOL,Transporte
PARQUE EXPLORA.COM,Ocio
UNIVERSDIAD ANDES LIMA,Educación
INDRIVE AUTORIZ 048518,Transporte
UNIMARC TARJETA 8642,Alimentación
PAGO HIPOTECARIO TARJETA 9919,Vivienda
YAPE*PLINIO,Alimentación
SORIANA COD486855,Alimentación
IBERDROLA TARJETA 1850,Servicios
CARGO CONCIERTO LIVE NATION,Ocio
PLAYSTATION STORE OP023159,Ocio
RTIRO NIKE STORE,Compras
PAGO ARRIENDO APROB284059,Vivienda
SODIMAC CONSTRUCCION AUTORIZ 794146,Vivienda
VIVANDA LIMA,Alimentación
RETIROO PAGO PENSION COLEGIO,Educación
UBER TRIP AUT371495,Transporte
COMPRA WEB DISCOTECA CLUB,Ocio
COMPRA POS CROSSFIT BOX,Ocio
WEB VIVANDA,Alimentación
CLINICA SHAIO VISA,Salud
EBAY SAN ISIDRO,Compras
DISCOTECA CLUB.COM,Ocio
NETFLIX.COM LATAM,Ocio
REF OPTICA LA INES,Salud
REF PEAJE RUTAS DEL SOL,Transporte
DB SEARS,Compras
SWISS MEDICAL OP687051,Servicios
PAGO ONLINE ADMINISTRACION EDIFICIO,Vivienda
ML*COMPRA MASTERCARD,Compras
PAGO SERV AMZN MKTPLACE,Compras
CLINICA LAS AMERICAS LATAM,Salud
COMPRA PLAYSTATION STORE,Ocio
DB CRISTAL,Alimentación
INSTITUTO CIBERTEC COD605336,Educación
COMPRA INTL CONSULTORIO DENTAL SONRIE,Salud
ONLINE CLINICA SANNA,Salud
DEB FARMACIA SIMILARES,Salud
PEAJE RUTAS DEL SOL SAN ISIDRO,Transporte
TRANSF A AMAZON,Compras
DEBITO AUTOMATICO MASSIMO DUTTI,Compras
TRANSF A TICKETMASTER,Ocio
GYM SMARTFIT OP113551,Ocio
PAGO HIPOTECARIO AUT110062,Vivienda
POS 500,Transporte
DEB RIPLEY,Compras
PAGO CINE COLOMBIA,Ocio
COMPRA WEB ALQUILER DEPARTAMENTO,Vivienda
CLARO INTERNET AR,Servicios
CHILIS AUTORIZ 464604,Alimentación
LABORATORIO ROE VISA,Salud
COMPRA AMZN MKTPLACE BOGOTA,Compras
INMOBILIARIA CENTURY21 10MAR,Vivienda
ONLINE AUTOPISTA NORTE,Transporte
COD ESTACIONAMIENTO,Transporte
DIDI FOOD STORE,Alimentación
LUZ DEL SUR AUT103643,Servicios
MAPFRE SEGUROS TARJETA 6152,Servicios
TOTTUS QR,Alimentación
FARMACIA SIMILARES 01AUG,Salud
CRISTAL CHILE,Alimentación
CRUZ DEL SUR BUENOS AIRES,Transporte
BOLETERIA JOINNUS DIC,Ocio
RETIRO CAJERO SAN ISIDRO,Otros
TRX LATAM AIRLINES,Transporte
NORKYS.COM,Alimentación
PAGO ONLINE EBAY,Compras
POS PLAZA NORTE,Compras
PAGO PARKING PLUS,Transporte
NETFLIX.COM AUT132626,Ocio
CARGO ADMINISTRACION EDIFICIO,Vivienda
FRISBY STORE,Alimentación
PAGO SERV PROMATR HOME CENTER,Vivienda
DOMINOS PIZZA STORE,Alimentación
AVIANCA OP589385,Transporte
DIDI FOOD.COM,Alimentación
DEBITO AUTOMATICO PORTES BANCARIOS,Servicios
COMPRA LINKEDIN LEARNING,Educación
SHEIN STORE,Compras
DEBITO AUTOMATICO PLAZA VESTIR,Compras
NORKYS AUTORIZ 346130,Alimentación
POS UNIVERSIDAD PACIFICO,Educación
TRANSMILENIO LIMA,Transporte
TRX GYM SMARTFIT,Ocio
COMPRA INTL COURSERA,Educación
TRX INMOBILIARIA CENTURY21,Vivienda
COMPRA WEB 7 ELEVEN,Alimentación
CMPRA INTL WONG,Alimentación
REF PLAZA VESTIR,Compras
COD PLAYSTATION STORE,Ocio
EPM CO,Servicios
NORKYS*562525,Alimentación
APP MERCADOLIBRE,Compras
COD FARMACIA GUADALAJARA,Salud
PERSONAL AR.GCOM,Servicios
PANADERIA SAN JORGE #769033,Alimentación
OECHSLE PERU,Compras
REF IZZI TELECOM,Servicios
UDEMY.COM,Educación
COMPRA INTL METRO DE LIMA,Transporte
CREDITO VIVIENDA SAN ISIDRO,Vivienda
DB CLINICA SHAIO,Salud
ALQUILER DEPARTAMENTO.COM,Vivienda
TRUPER FERRETERIA 20/06,Vivienda
PAGO SERV LABORATORIO CLINICO ROCHE,Salud
PAGO ONLINE INSTITUTO CIBERTEC,Educación
CARGO JOCKEY PLAZA,Compras
ONLINE UNIVERSIDAD ANDES,Educación
TRANSFERENCIA VARIOS SAN ISIDRO,Otros
RETIRO CNE COLOMBIA,Ocio
CARGO PRIMAX,Transporte
COD HOMECENTER,Vivienda
LINKEDIN LEARNING #731980,Educación
VIVANDA*724435,Alimentación
REF TEMU,Compras
COMPRA WEB MAESTRO HOME CENTER,Vivienda
APP CEVICHERIA EL RINCON,Alimentación
DUOLINGO PLUS.COM,Educación
CARGO AMAZON PRIME VIDEO,Ocio
PROMART HOME CENTER VISA,Vivienda
COMPRA TC SORTEO LOTERIA,Otros
ANALISIS CLINICOS UNIDOS TIJUANA,Salud
CLINICA RICARDO PALMA LIMA,Salud
PETROPERU VISA,Transporte
CRISTAL APROB703062,Alimentación
DIDI FOOD MIRAFLORES,Alimentación
CRUZ DEL SUR MIRAFLORES,Transporte
CINEPOLIS AUT237981,Ocio
DEBITO AUTOMATICO SODIMAC CONSTRUCCION,Vivienda
PAGO ARRIENDO REF654391,Vivienda
DB TERPEL,Transporte
COMPRA TC LABORATORIO ROE,Salud
RETIRO SEARS,Compras
HOSPITAL ANGELES MIRAFLORES,Salud
TRANSANTIAGO MIRAFLORES,Transporte
DISCO LIMA,Alimentación
CHINA TOWN MASTERCARD,Alimentación
COMPRA INTL DUOLINGO PLUS,Educación
PARQUE EXPLORA MIRAFLORES,Ocio
BURGER KING ARGENTINA,Alimentación
DEB CINEMARK,Ocio
COMPRA INTL CREDITO VIVIENDA,Vivienda
ONLINE DOMINOS PIZZA,Alimentación
SIT MEDELLIN SAN ISIDRO,Transporte
COMPRA RIPLEY BUENOS AIRES,Compras
MAX.COM QR,Ocio
COPA AIRLINES SANTIAGO,Transporte
RIPLEY 16-01-2025,Compras
PAGO ONLINE SAGA FALABLELA,Compras
CARGO FALABELLA,Compras
METRO DE LIMA STORE,Transporte
ML*COMPRA #054274,Compras
CARGO GAS NATURAL,Servicios
CRUZ DEL SUR TARJETA 8776,Transporte
PARDOS CHICKEN MAR,Alimentación
DEB JUAN VALDEZ,Alimentación
COPEC*858661,Transporte
DEB SEARS,Compras
PAGO ONLINE UNIVERSIDAD ANDES,Educación
DEBITO AUTOMATICO CLINICA RICARDO PALMA,Salud
COMPRA ADIDAS STORE,Compras
PLAYCENTER LATAM,Ocio
BEMBOS*697711,Alimentación
CENCOSUD REF796377,Compras
REF SHEIN,Compras
COMPRA G500 GUADALAJARA,Transporte
AVIANCA COLOMBIA,Transporte
RIMAC SEGUROS #074438,Servicios
COMPRA PLAZA VESTIR QUERETARO,Compras
HOSPITAL ANGELES COD002901,Salud
STARBUCKS OP287429,Alimentación
LA POLAR #790629,Compras
PLIN*FELIX 019005,Servicios
COMPRA INTL MASSIMO DUTTI,Compras
PRESTO MEXICO,Alimentación
PAGO TAXI DATUM,Transporte
HOSPITAL ANGELES AUT440139,Salud
MANTENIMIENTO TARJETA COD131959,Servicios
COMPRA SEARS CUSCO,Compras
SANTA FE MALL #555124,Compras
COMPRA TC JOCKEY PLAZA,Compras
COMPRA POS PLAZA VEA,Alimentación
DISCOTECA CLUB*790149,Ocio
DOMINOS PIZZA 03NOV,Alimentación
MERCADO HOPS MIRAFLORES,Compras
PEMEX AUT556165,Transporte
SPOTIFY TARJETA 8642,Ocio
FARMACIAS DEL AHORRO NOV,Salud
SIT MEDELLIN AUT059217,Transporte
DB CREDITO VIVIENDA,Vivienda
TRANSF A PETROPERU,Transporte
VIVANDA*041615,Alimentación
PAGO SERV INSTITUTO CIBERTEC,Educación
PALACIO DE HIERRO OP825524,Compras
SANTA FE MALL AUT985136,Compras
DUNKIN QR,Alimentación
BOLETERIA JOINNUS CO,Ocio
HOSPITAL ANGELES CL,Salud
COMPRA HOMECENTER,Vivienda
DENTAL PLUS VISA,Salud
PAGO ONLINE OECHSLE,Compras
CONSULTORIO DENTAL SONRIE SAN ISIDRO,Salud
CARGO SANTA FE MALL,Compras
POS SANTA FE MALL,Compras
NORKYS #802422,Alimentación
COMPRA TC EPM,Servicios
LIDER LATAM,Alimentación
POS GYM SMARTFIT,Ocio
CONCIERTO LIVE NATION TARJETA 8731,Ocio
COMPRA INTL LATAM AIRLINES,Transporte
PROMART HOME CENTER LATAM,Vivienda
FARMATODO MASTERCARD,Salud
BUS EJECUTIVO MIRAFLORES,Transporte
COD DUNKIN,Alimentación
AVANTEL 21-02-2024,Servicios
CREEPES WAFFLES AR,Alimentación
TERPEL REF454878,Transporte
COMPRA ITUZAINGO PEAJE,Transporte
ANALISIS CLINICOS UNIDOS APROB479443,Salud
TELCEL LIMA,Servicios
TOTTUS LIMA,Alimentación
COMPRA INTL FERRETERIA EL TORNILLO,Vivienda
AT&T MEXICO 05/04,Servicios
DB SANCOR SEGUROS,Servicios
COPA AIRLINES SAN ISIDRO,Transporte
FALABELLA OP974667,Compras
OLIMPICA QR,Alimentación
TRX CREDITO VIVIENDA,Vivienda
PLATZI TIJUANA,Educación
FARMACIA SIMILARES AUT130044,Salud
COMPRA INTL ESTACIONAMIENTO,Transporte
TRX IBERDROLA,Servicios
CINEPLANET SAN ISIDRO,Ocio
XBOX LIVE JUN,Ocio
DEEZER #281829,Ocio
LA POSITIVA SEGUROS APROB135241,Servicios
APP CLARO,Servicios
WONG APROB107278,Alimentación
APP LA POLAR,Compras
PAGO SERV STEAM GAMES,Ocio
MIFARMA PE,Salud
PAGO SERV COPEC,Transporte
DEB TRANSANTIAGO,Transporte
JOCKEY PLAZA REF418105,Compras
SWIS MEDICAL COD184002,Servicios
DB MANTTO CONJUNTO,Vivienda
ADMINISTRACION EDIFICIO LAS CONDES,Vivienda
ITUZAINGO PEAJE OP505363,Transporte
PAGO SERV COOMEVA EPS,Servicios
CARGO SPORTLIFE GYM,Ocio
SPOTIFY*753982,Ocio
MODO*FLORA,Alimentación
ADMINISTRACION EDIFICIO TARJETA 7562,Vivienda
TRX CRISTAL,Alimentación
COMPRA TRUPER FERRETERIA,Vivienda
COMPRA POS EASY CONSTRUCCION,Vivienda
NRO OP 584283 COMISION INTERBANCARIA,Servicios
COMPRA POLLERIA NORKYS BARRANQUILLA,Alimentación
PULL BEAR 01/12/24,Compras
LIVERPOOL LIMA,Compras
MIFARMA COD256946,Salud
YAPE*ESPERANZA 170395,Alimentación
JUAN VALDEZ PE,Alimentación
APP CRISTAL,Alimentación
REF PULL BEAR,Compras
SANTA FE MALL APROBB158249,Compras
RETIRO PRIMAX,Transporte
COD TRUPER FERRETERIA,Vivienda
TRANSF A UBER EATS,Alimentación
COTO MEXICO,Alimentación
ONLINE PLAYCENTER,Ocio
REF CONSULTORIO DENTAL SONRIE,Salud
REF PLAZAS EXITO ROPA,Compras
FRISBY QR,Alimentación
WEB MUNDO MARINO,Ocio
DEB MANTTO CONJUNTO,Vivienda
COOMEVA EPS CO,Servicios
SANCOR SEGUROS SAN ISIDRO,Servicios
CRISTAL MAR DEL PLATA,Alimentación
PEDIDOSYA LIMA,Alimentación
SANCOR SEGUROS LIMA,Servicios
PAGO SERV FARMACIA GUADALAJARA,Salud
CLARO 25/06/24,Servicios
ONLINE MAX.COM,Ocio
AMZN MKTPLACE.COM,Compras
RIPLEY AUT748316,Compras
EBAY APROB323663,Compras
RETIRO SUBTE BUENOS AIRES,Transporte
ADMINISTRACION CONJUNTO RESIDENCIAL SAN ISIDRO,Vivienda
POS PAGO CERTIFICACION,Educación
DEBITO AUTOMATICO CONSULTORIO DENTAL SONRIE,Salud
DB GAS NATURAL,Servicios
DIDI REF077983,Transporte
PAGO PENSION UNIVERSIDAD LATAM,Educación
TRX PLAYCENTER,Ocio
DEBITO AUTOMATICO MUNDO MARINO,Ocio
ADIDAS STORE #760681,Compras
PALACIO DE HIERRO COLOMBIA,Compras
DEEZER*474583,Ocio
COMPRA CEVICHERIA EL RINCON CORDOBA,Alimentación
DEB PRESTO,Alimentación
APP DEEZER,Ocio
BATA ARGENTINA,Compras
CARGO CLARO SHOP,Compras
LA REBAJA VIRTUAL AUT720867,Salud
COSTANERA CENTER AUTORIZ 334332,Compras
NIKE STORE APROB030314,Compras
PAGO PENSION COLEGIO QR,Educación
COMPRA POS PULL BEAR,Compras
PAGO SERV FARMATODO,Salud
EASY CONSTRUCCION CABA,Vivienda
COMPRA WEB DISCO,Alimentación
NRO OP 715297 METRO CDMX,Transporte
WEB GAS NATURAL,Servicios
TRX LA REBAJA VIRTUAL,Salud
COMPRA INTL AMZN MKTPLACE,Compras
POS OPTICA GMO,Salud
NRO OP 499041 FARMACIA SIMILARES,Salud
TOTTUS CHILE STORE,Alimentación
CLARO SHOP 24/04,Compras
DB LIBRERIA CRISOL,Educación
TACO BELL CO,Alimentación
NETFLIX.COM VISA,Ocio
TEATRO MUNICIPAL TARJETA 1427,Ocio
PLIN*DANIELA,Servicios
H&M OP845681,Compras
YAPE*RICARDO,Alimentación
COTO OP534573,Alimentación
TRANSF A RIMAC SEGUROS,Servicios
PAPA JOHNS LATAM,Alimentación
NIKE STOREE TARJETA 9132,Compras
NRO OP 665740 PARAMOUNT PLUS,Ocio
PULL BEAR SAN ISIDRO,Compras
DEB AALQUILER DEPARTAMENTO,Vivienda
FARMACIA INKAFARMA AUTORIZ 957654,Salud
TRX ZARA,Compras
UNIMARC SAN ISIDRO,Alimentación
EDESUR SEP,Servicios
ALQUILER DEPARTAMENTO TARJETA 1762,Vivienda
RETIRO PARQUE DE LAS LEYENDAS,Ocio
MANTENIMIENTO TARJETA COD547323,Servicios
EXITO AUTORIZ 032960,Alimentación
BATA JUL,Compras
BURGER KING CARTAGENA,Alimentación
CRISTAL ARGENTINA,Alimentación
EDITORIAL SANTILLANA STORE,Educación
HOMECENTER AUT553450,Vivienda
PEAJE RUTA VISA,Transporte
DB MUNDO MARION,Ocio
ONILNE TEMU,Compras
COMPRA SHELL MIRAFLORES,Transporte
TRANSF A METRO DE LIMA,Transporte
COMISION MANTENIMIENTO CUENTA AUTORIZ 916031,Servicios
CASA DE CAMBIO LATAM,Otros
COSTANERA CENTER AUT390262,Compras
PLAZA VESTIR APROB101198,Compras
KARAOKE BOX 14/04/24,Ocio
HOSPITAL ANGELES OP577832,Salud
SPORTLIFE GYM ENE,Ocio
SUBTE BUENOS AIRES AUTORIZ 254422,Transporte
DENTAL PLUS MASTERCARD,Salud
DB AT&T MEXICO,Servicios
HOSPITAL ANGELES OP430571,Salud
ONLINE ML*COMPRA,Compras
NRO OP 653735 OPTICA GMO,Salud
BITEL AUTORIZ 127235,Servicios
PAGO ONLINE COTO,Alimentación
PAGO ONLINE PERSONAL ARG,Servicios
PLAZA VESTIR OP446065,Compras
DEB LIVERPOOL,Compras
MANTENIMIENTO TARJETA AUTORIZ 745678,Servicios
TEMU OP974314,Compras
CINEPLANET APROB957181,Ocio
CROSSFIT BOX CHICLAYO,Ocio
METRO OCT,Alimentación
COD BEMBOS,Alimentación
COD LIVERPOOL,Compras
PAGO SERV PLAYSTATION STORE,Ocio
PAGO D1,Alimentación
BATA AUTORIZ 391754,Compras
CARULLA VISA,Alimentación
APP PANADERIA SAN JORGE,Alimentación
IDDI COD610330,Transporte
PAGO ONLINE AMAZON,Compras
EDENOR VISA,Servicios
DEB CENCOSUD,Compras
PAGO DIDI,Transporte
OLIMPICA VISA,Alimentación
ONLINE ALIEXPRESS,Compras
POS VTR,Servicios
APP GIRO INTERNACIONAAL,Otros
COMPRA TC CARULLA,Alimentación
WEB PLAZAS EXITO ROPA,Compras
ADIDAS STORE APROB992070,Compras
TRANSF A INSTITUTO IDIOMAS,Educación
SHEIN #432223,Compras
OECHSLE AUTORIZ 153400,Compras
CARGO INDRIVE,Transporte
TRX HOSPITAL ITALIANO,Salud
SIT MEDELLIN COLOMBIA,Transporte
PARDOS CHICKEN APROB446638,Alimentación
DEEZER MIRAFLORES,Ocio
EBAY AUT996683,Compras
OSDE PREPAGA APROB806653,Servicios
PAGO A TERCEROS ENVIGADO,Otros
ONLINE TICKETMASTER,Ocio
EL CORRAL #152789,Alimentación
MERCADO PAGO*PRIMITIVO,Servicios
PLIN*ISIDORO 481692,Alimentación
PARKING PLUS.COM,Transporte
COMPRA INTL D1,Alimentación
TRX CUOTA CONDOMINIO,Vivienda
COMPRA INTL ANALISIS CLINICOS UNIDOS,Salud
PULL BEAR AUTORIZ 473889,Compras
PLIN*FELICIANA,Alimentación
CENCOSUD TARJETA 3155,Compras
PULL BEAR QR,Compras
KFC LIMA,Alimentación
NRO OP 358331 EASY CONSTRUCCION,Vivienda
H&M VISAA,Compras
APP MAKRO,Alimentación
TRX FARMACIA SIMILARES,Salud
DEB ML*COMPRA,Compras
CARGO CRUZ DEL SUR,Transporte
NIKE STORE VISA,Compras
DB JUMBO,Alimentación
PETROPERU AUTORIZ 709717,Transporte
PUMA ENERGY DIC,Transporte
COMPRA STARBUCKS,Alimentación
COMPRA INTL METRO CDMX,Transporte
COMPRA LIDER TIJUANA,Alimentación
TRANSF A AVANTEL,Servicios
TRANSF A ENEL,Servicios
IBERDROLA VISA,Servicios
COMPRA TC BEAT,Transporte
FERIA DEL LIBRO #426850,Ocio
PARQUE ARAUCO SAN ISIDRO,Compras
POS NORKYS,Alimentación
CREDITO VIVIENDA TARJETA 2246,Vivienda
TIGO COD258496,Servicios
PRESTO AUT873069,Alimentación
EDESUR COD201094,Servicios
COD FARMACIA INKAFARMA,Salud
TELMEX INTERNET VISA,Servicios
CASA DE CAMBIO*638235,Otros
UNIVERSIDAD ANDES LIMA,Educación
DEB INMOBILIARIA CENTURY21,Vivienda
REF METRO CDMX,Transporte
ONLINE SEGUROS BOLIVAR,Servicios
RIPLEY TARJETA 6957,Compras
COMPRA WEB PAGO HIPOTECARIO,Vivienda
REF GIRO INTERNACIONAL,Otros
JOCKEY PLAZA VISA,Compras
DEBITO AUTOMATICO SPOTIFY,Ocio
COD PAGO CERTIFICACION,Educación
PEAJE RUTA COD399975,Transporte
DEBITO AUTOMATICO SHELL,Transporte
PAGO SERV LINKEDIN LEARNING,Educación
CREPES WAFFLES AUTORIZ 745346,Alimentación
CODENSA VISA,Servicios
COMPRA INTL PEAJE RUTAS DEL SOL,Transporte
INSTITUTO IDIOMAS LIMA,Educación
NRO OP 489790 PEMEX,Transporte
AMZN MKTPALCE AUTORIZ 989342,Compras
COD TRANSANTIAGO,Transporte
ONLINE TELCEL,Servicios
DEB ADMINISTRACION CONJUNTO RESIDENCIAL,Vivienda
G500 AUT463061,Transporte
AMAZON MASTERCARD,Compras
DEBITO AUTOMATICO BODYTECH GYM,Ocio
MERCADO SHOPS APROB169497,Compras
COMPRA ENTEL CHICLAYO,Servicios
MERCADO PAGO*TELMO 126329,Alimentación
DEB DIA,Alimentación
SPOTIFY MX,Ocio
FARMACIAS DEL AHORRO SAN ISIDRO,Salud
COMPRA PAGO VARIOS TRUJILLO,Otros
COMPRA WEB AMAZON PRIME VIDEO,Ocio
OXXO VISA,Alimentación
COMPRA MUSEO INTERACTIVO,Ocio
NINTENDO ESHOP STORE,Ocio
EL CORRAL*675600,Alimentación
GYM SMARTFIT LATAM,Ocio
NRO OP 588835 AMAZON,Compras
TOTTUS CHILE OP876875,Alimentación
ENTEL OP196782,Servicios
COOMEVA EPS MX,Servicios
FRISBY 01-01-2025,Alimentación
DEBITO AUTOMATICO COURSERA,Educación
BERSHKA LATAM,Compras
REF HBO MAX,Ocio
PLAZA VVEA SHOP QR,Compras
ADMINISTRACION CONJUNTO RESIDENCIAL REF544309,Vivienda
NRO OP 786670 PETROPERU,Transporte
SORIANA REF975271,Alimentación
ALQUILER DEPARTAMENTO MASTERCARD,Vivienda
PLATZI STORE,Educación
APPLE TV PLUS STORE,Ocio
COD CONCIERTO LIVE NATION,Ocio
CARGO CHILIS,Alimentación
ESTACIONAMIENTO MASTERCARD,Transporte
SODIMAC CONSTRUCCION SAN ISIDRO,Vivienda
CARGO SORIANA,Alimentación
MUSEO INTERACTIVO STORE,Ocio
BITEL VISA,Servicios
PAGO ONLINE TAXI DATUM,Transporte
CLINICA LAS AMERICAS MIRAFLORES,Salud
PLAZA VESTIR QR,Compras
SCOOTER MOVO SAN ISIDR,Transporte
COMPRA POS BATA,Compras
COMPRA TC LA COMER,Alimentación
TRANSF A ADMINISTRACION CONJUNTO RESIDENCIAL,Vivienda
TRANSANTIAGO MAR DEL PLATA,Transporte
COMPRA TC PAGO MATRICULA,Educación
EASY CONSTRUCCION MAIPU,Vivienda
YPE*ÚRSULA 042105,Servicios
RETIRO CLARO INTERNET,Servicios
NRO OP 636388 MASSIMO DUTTI,Compras
NRO OP 682268 NORKYS,Alimentación
WOM FIBRA LIMA,Servicios
TRX CLINICA LAS AMERICAS,Salud
DAVIPLATA*ARACELI,Servicios
COMPRA PLAZA VEA CALLAO,Alimentación
COMPRA TC CREDITO VIVIENDA,Vivienda
TERPEL*792283,Transporte
LABORATORIO CLINICO ROCHE REF315818,Salud
CARREFOUR LIMA,Alimentación
POS CREDITO VIVIENDA,Vivienda
COMPRA PARKING PLUS CABA,Transporte
AEROMEXICO.COM,Transporte
COMPRA POS PEAJE RUTA,Transporte
DEB PETROPERU,Transporte
LA POSITIVA SEGUROS SAN ISIDRO,Servicios
COMPRA TC METRO,Alimentación
DEBITO AUTOMATICO SEDAPAL,Servicios
FRISBY.COM,Alimentación
COPA AIRLINES OP930678,Transporte
NEQUI*JOSE IGNACIO 460905,Alimentación
LIVERPOOL OP043937,Compras
DEB PARQUE DE LAS LEYENDAS,Ocio
TRANSF A FERRETERIA EL TORNILLO,Vivienda
EASY CONSTRUCCION CALI,Vivienda
NRO OP 573547 PARAMOUNT PLUS,Ocio
CARGO MUNDO MARINO,Ocio
POS STARBUCKS,Alimentación
COPPEL REF264589,Compras
DB COPA AIRLINES,Transporte
TRX AVIANCA,Transporte
EDITORIA LSANTILLANA MIRAFLORES,Educación
CLINICA RICARDO PALMA STORE,Salud
SHELL AUTORIZ 563143,Transporte
CONCIERTO LIVE NATION REF100728,Ocio
NORKYS ROSARIO,Alimentación
OLIMPICA AGO,Alimentación
NINTENDO ESHOP REF251915,Ocio
INSTITUTO CIBERTEC NOV,Educación
COMPRA POS SANITAS EPS,Servicios
COMPRA COPPEL MAIPU,Compras
POS ADMINISTRACION CONJUNTO RESIDENCIAL,Vivienda
APGO ONLINE CINEMARK,Ocio
DB REPSOL,Transporte
LIDER COD847355,Alimentación
COMPRA HOSPITAL ANGELES,Salud
FARMACIA GUADALAJARA 01APR,Salud
NEQUI*MARISOL,Servicios
NRO OP 218952 SHELL,Transporte
NRO OP 728894 ANALISIS CLINICOS UNIDOS,Salud
TICKETMASTER NUNOA,Ocio
ONLINE PAGO PENSION COLEGIO,Educación
ONLINE RIMAC SEGUROS,Servicios
NETFLIX.COM TARJETA 9564,Ocio
COMPRA APPLE.COM,Compras
PAGO VARIOS*674689,Otros
NRO OP 806544 OECHSLE,Compras
NETFLIX.COM ENE,Ocio
TRUPER FERRETERIA MASTERCARD,Vivienda
NRO OP 024942 PARAMOUNT PLUS,Ocio
TOTTUS CHILE AUTORIZ 486628,Alimentación
LA COMER*180768,Alimentación
CLINICA RICARDO PALMA #164973,Salud
NRO OP 951930 CUOTA CONDOMINIO,Vivienda
INSTITUTO IDIOMAS STORE,Educación
COMPRA INTL PAGO VARIOS,Otros
ONLINE PLAZAS EXITO ROPA,Compras
AUTOPISTA NORET QR,Transporte
OLIMPICA COD438692,Alimentación
RIFA BENEFICA VISA,Otros
WEB WOM FIBRA,Servicios
DB AMAZON,Compras
TRANSF A EDENOR,Servicios
YAPE*DARÍO 782569,Servicios
COD PEAJE RUTAS DEL SOL,Transporte
COMPRA TC CLINICA SHAIO,Salud
PALACIO DE HIERRO LATAM,Compras
PANADERIA SAN JORGE LIMA,Alimentación
COMPRA PEAJE RUTA,Transporte
PLAYCENTER AGO,Ocio
MASSIMO DUTTI AUTORIZ 990175,Compras
TRX CHILIS,Alimentación
NEQUI*MAXI 555668,Alimentación
UNIVERSIDAD PACIFICO LATAM,Educación
COMPRA WEB CFE,Servicios
PAGO SERV MOVISTAR,Servicios
FARMATODO MIRAFLORES,Salud
COMPRA AVANTEL,Servicios
DEBTO AUTOMATICO PUMA ENERGY,Transporte
TOTTUS BUENOS AIRES,Alimentación
DB DIDI FOOD,Alimentación
COMPRA TC JUAN VALDEZ,Alimentación
ADIDAS STORE AUTORIZ 808391,Compras
DB FALABELLA,Compras
PAGO PENSION COLEGIO AUTORIZ 007438,Educación
METRO STORE,Alimentación
PLIN*JULIE,Alimentación
COMPRA TC LATAM AIRLINES,Transporte
ONLINE SODIMAC CONSTRUCCION,Vivienda
CARULLA MIRAFLORES,Alimentación
ALLIANZ SEGUROS*028901,Servicios
NEQUI*EDGARDO,Servicios
NINTENDO ESHOP TARJETA 3579,Ocio
SHEIN QR,Compras
POS EDENOR,Servicios
7 ELEVEN VISA,Alimentación
SALCOBRAND #566250,Salud
FALABELLA APROB336416,Compras
COMPRA COTO,Alimentación
PAGO SERV FARMACIA BENAVIDES,Salud
DAVIPLATA*VITO,Otros
PPULL BEAR AUT333411,Compras
PALACIO DE HIERRO.COM,Compras
GYM SMARTFIT LIMA,Ocio
TRX BODYTECH GYM,Ocio
TRX COMISION INTERBANCARIA,Servicios
PAGO CLINICA SHAIO,Salud
TRANSF A PARQUE ARAUCO,Compras
COMPRA PARQUE EXPLORA POLANCO,Ocio
REF SODIMAC CONSTRUCCION,Vivienda
PAGO ML*COMPRA,Compras
NRO OP 903093 COPEC,Transporte
ITUZAINGO PEAJE OP346313,Transporte
COMPRA INTL WALMART,Alimentación
DEBITO AUTOMATICO DUNKIN,Alimentación
TAXI DATUM LATAM,Transporte
BEAT REF478143,Transporte
PRIMAX #319389,Transporte
LIBRERIA CRISOL #013488,Educación
PAGO ONLINE MIFARMA,Salud
CINEPLANET AUT302654,Ocio
WEB AMAZON,Compras
SHEIN TARJETA 2217,Compras
NRO OP 205451 PANADERIA SAN JORGE,Alimentación
RIPLEY ABR,Compras
COD ML*COMPRA,Compras
CINE COLOMBIA OP753171,Ocio
CARULLA PE,Alimentación
TRX SEDAPAL,Servicios
VEA SUPERMERCADO GUADALAJARA,Alimentación
FARMACIA SIMILARES #760009,Salud
WEB GASCO,Servicios
WEB MAX.COM,Ocio
CROSSFIT BOX TARJETA 1086,Ocio
SPORTLIFE GYM APROB975352,Ocio
TRANSF A CLARO SHOP,Compras
OPTICA GMO QR,Salud
NRO OP 673388 CINEMARK,Ocio
COMPRA INTL LINKEDIN LEARNING,Educación
CINE COLOMBIA.COM,Ocio
COMPRA POS METRO DE LIMA,Transporte
YPF.COM,Transporte
COD ADMINISTRACION EDIFICIO,Vivienda
NRO OP 156755 REPSOL,Transporte
CLINICA SHAIO AUT392590,Salud
UBER TRIP STORE,Transporte
MASSIMO DUTTI 12/02,Compras
POS PRESTO,Alimentación
COMPRA SHEIN PALERMO,Compras
PARKING PLUS MASTERCARD,Transporte
JUA VALDEZ LIMA,Alimentación
DISCOTECA CLUB SEP,Ocio
PAGO BOLETERIA JOINNUS,Ocio
COMPRA INTL CARREFOUR,Alimentación
COMPRA WOM,Servicios
PLAYCENTER AUT980025,Ocio
YAPE*JUDITH,Alimentación
SUBWAY*190349,Alimentación
POS METRO,Alimentación
NRO OP 989860 GAS NATURAL,Servicios
CUOTA CONDOMINIO COD026869,Vivienda
PLAZAS EXITO ROPA*542678,Compras
OECHSLE MASTERCARD,Compras
CENTRO MEDICO SAN FELIPE REF412212,Salud
GASCO PROVIDENCIA,Servicios
SEARS OP179122,Compras
GAS NATURAL MASTERCARD,Servicios
LIDER 29/08/24,Alimentación
COMPRA HOSPITAL TALIANO,Salud
COSTANERA CENTER APROB861972,Compras
PAGO ONLINE WOM,Servicios
TAXI DATUM REF584066,Transporte
DEPOSITO VARIOS OP378443,Otros
ML*COMPRA AUT819017,Compras
ONLINE PANADERIA SAN JORGE,Alimentación
COMPRA PLAYCENTER MENDOZA,Ocio
COMPRA MAESTRO HOME CENTER,Vivienda
TRUPER FERRETERIA LATAM,Vivienda
SPOTIFY*518101,Ocio
NRO OP 552205 MIFARMA,Salud
PULL BEAR STORE,Compras
COMPRA TC RIFA BENEFICA,Otros
TRANSANTIAGO 30/04/25,Transporte
TICKETMASTER AUT395666,Ocio
COD FARMATODO,Salud
DEBITO AUTOMATICO HOSPITAL ITALIANO,Salud
HOMECENTER COD913034,Vivienda
MODO*CHELO,Alimentación
CARGO DEPOSITO VARIOS,Otros
PAGO ARRIENDO*841781,Vivienda
COOMEVA EPS CL,Servicios
TRX ENEL,Servicios
FARMACIAS DEL AHORRO COD486181,Salud
ADMINISTRACION CONJUNTO RESIDENCIAL OP713166,Vivienda
PLAZAS EXITO ROPA AUTORIZ 681508,Compras
BAR EL BOTIJON APROB386176,Ocio
CUOTA CONDOMINIO BARRANQUILLA,Vivienda
EASY CONSTRUCCION*764753,Vivienda
COMPRA CABIFY MEDELLIN,Transporte
PAGO HIPOTECARIO APROB754849,Vivienda
SNTA FE MALL AGO,Compras
COTO SAN ISIDRO,Alimentación
POOS FALABELLA,Compras
MASSIMO DUTTI COD923470,Compras
CINEMARK OP469105,Ocio
ALLIANZ SEGUROS VISA,Servicios
ONLINE CONCIERTO LIVE NATION,Ocio
DB INSTITUTO CIBERTEC,Educación
PLAZA VESTIR COD700016,Compras
APP XBOX LIVE,Ocio
DB TRANSMILENIO,Transporte
COMPRA IN DRIVER,Transporte
KARAOKE BOX NOV,Ocio
TRX SANCOR SEGUROS,Servicios
EL CORRAL OP143486,Alimentación
NRO OP 995521 BERSHKA,Compras
UBER TRIP.COM,Transporte
PLIN*ÓSCAR 614061,Alimentación
PAGO ONLINE PLAZAS EXITO ROPA,Compras
LIVERPOOL APROB451092,Compras
PAGO CINEPOLIS,Ocio
MANTTO CONJUNTO TARJETA 3306,Vivienda
COMPRA INTL PAGO PENSION UNIVERSIDAD,Educación
DENTAL PLUS AR,Salud
G500 #088386,Transporte
ONLINE FERIA DEL LIBRO,Ocio
SCOOTER MOVO.COM,Transporte
LABORATORIO CLINICO ROCHE COD468422,Salud
PAGO SERV SORTEO LOTERIA,Otros
DB COSTANERA CENTER,Compras
COD CENCOSUD,Compras
DEB BODYTECH GYM,Ocio
COMPRA POS UDEMY,Educación
EBAY APROB879711,Compras
COMPRA INTL SEARS,Compras
PAGO A TERCEROS REF986800,Otros
REF FARMACIA INKAFARMA,Salud
TRANSF A XBOX LIVE,Ocio
D1 01/02/25,Alimentación
G500 VISA,Transporte
CRUZ VERDE REF151806,Salud
AGUAS ANDINAS VISA,Servicios
TEATRO MUNICIPAL LIMA,Ocio
COMPRA FRISBY MONTERREY,Alimentación
MAPFRE SEGUROS AUT349865,Servicios
EDESUR TARJETA 7848,Servicios
PROMART HOME CENTER MEXICO,Vivienda
MERCADO PAGO*SELENA 196139,Servicios
MERCADO PAGO*FABIOLA,Alimentación
TRX SEARS,Compras
KFC TARJETA 2021,Alimentación
7 ELEVEN CDMX,Alimentación
CUOTA CONDOMINIO AUTORIZ 053840,Vivienda
APP CRUZ VERDE,Salud
TRX BAR EL BOTIJON,Ocio
AVIANCA.COM,Transporte
GASCO OP264159,Servicios
INDRIVE QR,Transporte
WEB 7 ELEVEN,Alimentación
AVIANCA AUT772752,Transporte
ESTACIONAMIENTO COD580848,Transporte
RETIRO TELCEL,Servicios
PLAZA VEA CL,Alimentación
RIFA BENEFICA OP391286,Otros
COMPRA CENTRO MEDICO SAN FEELIPE,Salud
POLLERIA NORKYS 24APR,Alimentación
PRESTO TARJETA 2718,Alimentación
PLAZA VEA SHOP COD856712,Compras
BAR EL BOTIJON TARJETA 6284,Ocio
NORKYS OP734873,Alimentación
SUBWAY.COM,Alimentación
AMAZON PRIME VIDEO 11-10-2024,Ocio
REF DISCOTECA CLUB,Ocio
COSTANERA CENTER OP043141,Compras
COD IN DRIVER,Transporte
NRO OP 300824 NINTENDO ESHOP,Ocio
CHINA TOWN AUT038749,Alimentación
COMPRA SEDAPAL,Servicios
COMPRA INTL MAKRO,Alimentación
PAGO ONLINE CINE COLOMBIA,Ocio
REF OLIMPICA,Alimentación
DIA LATAM,Alimentación
COMPRA POS SWISS MEDICAL,Servicios
COMPRA WEB PAPA JOHNS,Alimentación
NRO OP 307626 ENEX,Transporte
MOVISTAR FIBRA MIRAFLORES,Servicios
APP KKARAOKE BOX,Ocio
POS AVIANCA,Transporte
ENEX LIMA,Transporte
TRANSANTIAGO APROB982330,Transporte
COMPRA EASY CONSTRUCCION,Vivienda
COMPRA POS ALLIANZ SEGUROS,Servicios
PUMA ENERGY CABA,Transporte
COMPRA LIDER POLANCO,Alimentación
WOM TRUJILLO,Servicios
COSTANERA CENTER AUT960676,Compras
DEBITO AUTOMATICO PLAZA VEA SHOP,Compras
SAGA FALABELLA MAR,Compras
SURA SEGUROS 12/05,Servicios
ADMINISTRACION CONJUNTO RESIDENCIAL MIRAFLORES,Vivienda
CINEPOLIS #643963,Ocio
WEB SIT MEDELLIN,Transporte
DIDI MASTERCARD,Transporte
MAESTRO HOME CENTER 22/06,Vivienda
COURSERA*013107,Educación
COMPRA XBOX LIVE BUENO AIRES,Ocio
FARMACIA GUADALAJARA VISA,Salud
MODO*HÉCTOR,Servicios
VIVNADA AUT430747,Alimentación
BERSHKA SAN ISIDRO,Compras
MASSIMO DUTTI COD976943,Compras
TRANSMILENIO AUT932788,Transporte
CARULLA QR,Alimentación
REF MAX.COM,Ocio
CHEDRAUI LIMA,Alimentación
PLAYSTATION STORE #282024,Ocio
POS PANADERIA SAN JORGE,Alimentación
REF PAYLESS,Compras
PEAJE RUTA MIRAFLORES,Transporte
YOUTUBE PREMIUM 14/03,Ocio
G500 AUT086961,Transporte
MAKRO AUTORIZ 118061,Alimentación
MUNDO MARINO REF295063,Ocio
MAPFRE SEGUROS AR,Servicios
CRUZ DEL SUR REF242655,Transporte
PULL BEAR MASTERCARD,Compras
CLARO SHOP SAN ISIDRO,Compras
APP AUTOPISTA NORTE,Transporte
LINKEDIN LEARNING COD956693,Educación
REF JOCKEY PLAZA,Compras
DISCOTECA CLUB OP712213,Ocio
IZZI TELECOM STORE,Servicios
TEMU TARJETA 0911,Compras
MUNDO MARINO JUN,Ocio
FARMACIAS DEL AHORRO MASTERCARD,Salud
INDRIVE AUTORIZ 291746,Transporte
UNIMARC*298025,Alimentación
PARAMOUNT PLUS CO,Ocio
COMPRA WEB CINEPLANET,Ocio
DB MOVISTAR FIBRA,Servicios
ONLINE UNIVERSIDAD PACIFICO,Educación
REF WONG,Alimentación
DAVIPLATA*EUFEMIA,Servicios
COMPRA GAS NATURAL,Servicios
SODIMAC CONSTRUCCION NUNOA,Vivienda
FARMACIA SIMILARES AUTORIZ 461158,Salud
TRANSF A VEA SUPERMERCADO,Alimentación
NEQUI*CARMELA,Servicios
COMPRA UBER TRIP CABA,Transporte
ADMINISTRACION CONJUNTO RESIDENCIAL NOV,Vivienda
COMPRA INTL COMISION MANTENIMIENTO CUENTA,Servicios
POS MUNDO MARINO,Ocio
POS OLIMPICA,Alimentación
WEB UBER EATS,Alimentación
YAPE*ROXANA 976883,Alimentación
DAVIPLATA*CALISTA 999098,Servicios
COMPRA PLAZA VESTIR MENDOZA,Compras
APP PALACIO DE HIERRO,Compras
TRX XBOX LIVE,Ocio
REF BATA,Compras
NRO OP 049147 AJUSTE CONTABLE,Otros
METRO*217880,Alimentación
PAGO SEARS,Compras
PAGO ONLINE INDRIVE,Transporte
PAGO SERV SHELL,Transporte
UBER TRIP OP949400,Transporte
MERCADO PAGO*IRMA,Servicios
MANTENIMIENTO TARJETA REF792156,Servicios
RETIRO ARA,Alimentación
WOM MASTERCARD,Servicios
TACO BELL MIRAFLORES,Alimentación
APPLE.COM AUT731906,Compras
DEBITO AUTOMATICO PALACIO DE HIERRO,Compras
RIPLEY LIMA,Compras
ITUZAINGO PEAJE 25/08,Transporte
COTO REF332715,Alimentación
NRO OP 740518 YPF,Transporte
OECHSLE APROB778599,Compras
SANTA ISABEL*324563,Alimentación
RIPLEY #465307,Compras
AUTOPISTA NORTE AUTORIZ 591765,Transporte
AEROMEXICO OP787271,Transporte
CONCIERTO LIVE NATION ABR,Ocio
TOTTUS CHILE APROB416207,Alimentación
SEGUROS BOLIVAR*578102,Servicios
PLIN*JULIO,Alimentación
REF BERSHKA,Compras
COMPRA TC PEAJE RUTAS DEL SOL,Transporte
OLIMPICA MIRAFLORES,Alimentación
HOSPITAL ITALIANO #336791,Salud
COMPRA WEB CINE COLOMBIA,Ocio
PRIMAX LIMA,Transporte
RETIRO CUOTA CONDOMINIO,Vivienda
CINEPOLIS*978106,Ocio
AMN MKTPLACE TARJETA 4071,Compras
RIPLEY 19JUL,Compras
COD DENTAL PLUS,Salud
TOTTUS CHILE OP876189,Alimentación
DB PEDIDOSYYA,Alimentación
SUBTE BUENOS AIRES MASTERCARD,Transporte
INSTITUTO IDIOMAS MIRAFLORES,Educación
DEBITO AUTOMATICO MANTTO CONJUNTO,Vivienda
PRESTO VISA,Alimentación
CEVICHERIA EL RINCON.COM,Alimentación
YOUTUBE PREMIUM POLANCO,Ocio
PEMEX COD987070,Transporte
NIKE STORE COD766940,Compras
PAGO SERV FALABELLA,Compras
BITEL OP644193,Servicios
COMPRA POS TAXI DATUM,Transporte
OPTICA GMO*125498,Salud
RETIRO TACO BELL,Alimentación
DISCOTECA CLUB VISA,Ocio
COD PETROPERU,Transporte
NRO OP 638730 LIBRERIA GANDHI,Educación
PAGO ONLINE MAX.COM,Ocio
NRO OP 269612 IZZI TELECOM,Servicios
STEAM GAMES LATAM,Ocio
TRANSF A CABIFY,Transporte
FARMACIA INKAFARMA AUT749307,Salud
PEDIIDOSYA REF164242,Alimentación
SEDAPAL SAN ISIDRO,Servicios
COMPRA TC OPTICA GMO,Salud
METRO CDMX AREQUIPA,Transporte
TERPEL VITACURA,Transporte
TRX MERCADO LIBRE,Compras
PROMART HOME CENTER.COM,Vivienda
MCDONALDS LIMA,Alimentación
ADMINISTRACION EDIFICIO*330111,Vivienda
DEEZER #729353,Ocio
PAGO MIFARMA,Salud
RETIRO COMISON INTERBANCARIA,Servicios
COMPRA SANCOR SEGUROS,Servicios
FARMACIA SIMILARES LIMA,Salud
JUMBO TARJETA 9655,Alimentación
PAGO ONLINE LA REBAJA VIRTUAL,Salud
INMOBILIARIA CENTURY21 AUT441750,Vivienda
ANALISIS CLINICOS UNIDOS LIMA,Salud
DAVIPLATA*URBANO 499116,Otros
BUS EJECUTIVO LATAM,Transporte
UBER TRIP PERU,Transporte
CLARO SHOP APROB067564,Compras
POS CLARO,Servicios
COMPRA POS TRANSANTIAGO,Transporte
PARDOS CHICKEN JUL,Alimentación
NRO OP 318303 REPSOL,Transporte
TRX CARREFOUR,Alimentación
PAGO ONLINE FARMATODO,Salud
PARQUE DE LAS LEYENDAS VISA,Ocio
TRX PLAZAS EXITO ROPA,Compras
ARA APROB328450,Alimentación
METRO TARJETA 2555,Alimentación
COMPRA RAPPI RESTAURANTE BARRANQUILLA,Alimentación
CINE COLOMBIA MIRAFLORES,Ocio
COMPRA WOM FIBRA,Servicios
JUMBO.COM,Alimentación
EBAY COD121296,Compras
CLINICA LAS AMERICAS REF985937,Salud
MUNDO MARINO CL,Ocio
TELCEL 10/01/24,Servicios
WEB LIBRERIA GANDHI,Educación
AMAZON PRIME VIDEO QR,Ocio
FARMACIAS DEL AHORRO AUT024237,Salud
WEB G500,Transporte
FARMACIA BENAVIDES #654501,Salud
PLIN*BIBIANA,Alimentación
YPF OP441858,Transporte
TRUPER FERRETERIA TARJETA 5007,Vivienda
METRO SANTIAGO AUTORIZ 622247,Transporte
LABORATORIO CLINICO ROCHE PEREIRA,Salud
WEB TEATRO MUNICIPAL,Ocio
CHILIS MASTERCARD,Alimentación
COMPRA COSTANERA CENTER MAR DEL PLATA,Compras
ALIEXPRESS PALERMO,Compras
UBER EATS LIMA,Alimentación
RETIRO CLARO,Servicios
MCDONALDS VISA,Alimentación
DOMINOS PIZZA*586898,Alimentación
SORIANA*320148,Alimentación
FARMACIAS DEL AHORRO 05-01-2024,Salud
COD CODENSA,Servicios
AEROMEXICO OP205264,Transporte
ONLINE APPLE.COM,Compras
POS CFE,Servicios
TRANSF A WONG,Alimentación
FERRETERIA EL TORNILLO MIRAFLORES,Vivienda
NRO OP 790673 MAKRO,Alimentación
RAPPI RESTAURANTE CABA,Alimentación
OXXO REF490002,Alimentación
PAGO ONLINE WONG,Alimentación
WEB ML*COMPRA,Compras
NRO OP 736215 FARMACIA INKAFARMA,Salud
COMPRA TC COSTANERA CENTER,Compras
POS CINEMARK,Ocio
NRO OP 329825 PARDOS CHICKEN,Alimentación
ARA COD809149,Alimentación
PAGO FERIA DEL LIBRO,Ocio
PAGO TEMU,Compras
REITRO FRISBY,Alimentación
COMPRA HOSPITAL ANGELES CALI,Salud
MERCADO PAGO*ERIC,Alimentación
PLAZAS EXITO ROPA PERU,Compras
ONLINE PEAJE RUTA,Transporte
TRANSF A PLAZA VESTIR,Compras
PLAZAS EXITO ROPA SEP,Compras
COMPRA POS ENVIO WESTERN UNION,Otros
DB AUTOPISTA NORTE,Transporte
METRO CDMX MIRAFLORES,Transporte
VIVANDA AUT418082,Alimentación
COMPRA TC CHINA WOK,Alimentación
OECHSLE MIRAFLORES,Compras
MODO*JAVIERA,Alimentación
FARMACIA GUADALAJARA AUT433964,Salud
BITEL.COM,Servicios
COMPRA CLINICA RICARDO PALMA COYOACAN,Salud
COMPRA PLAZAS EXITO ROPA CARTAGENA,Compras
REF CLARO SHOP,Compras
MERCADO PAGO*AMÍLCAR,Alimentación
DIA OP365795,Alimentación
PAGO PARAMOUNT PLUS,Ocio
COMPRA WEB METRO SANTIAGO,Transporte
PEAJE RUTA LIMA,Transporte
OPTICA GMO APROB398276,Salud
LA POSITIVA SEGUROS MIRAFLORES,Servicios
COPEC 19NOV,Transporte
INSTITUTO CIBERTEC COD282840,Educación
AMAZON PRIME VIDEO LIMA,Ocio
NRO OP 652864 BAR EL BOTIJON,Ocio
DEBITO AUTOMATICO COPPL,Compras
MAPFRE SEGUROS*692418,Servicios
HOSPITAL ANGELES SEP,Salud
PLAZAS EXITO ROPA AUT403578,Compras
PAGO ONLINE CHINA TOWN,Alimentación
DB ZARA,Compras
ITUZAINGO PEAJE MIRAFLORES,Transporte
CUOTA CONDOMINIO 15JUN,Vivienda
COMPRA INTL ENEX,Transporte
COMPRA PROMART HOME CENTER SAN ISIDRO,Vivienda
TRX IN DRIVER,Transporte
DOMINOS PIZZA COD942908,Alimentación
KARAOKE BOX SAN ISIDRO,Ocio
GIRO INTERNACIONAL AUT534487,Otros
EPM AUTORIZ 318147,Servicios
UBER EATS OP559272,Alimentación
FARMACIA SIMILARES LATAM,Salud
TELCEL MIRAFLORES,Servicios
COMPRA INTL CEVICHERIA EL RINCON,Alimentación
TRX FALABELLA,Compras
COMPRA TC ENTEL,Servicios
AUTOPISTA NORTE QR,Transporte
TERPEL #037220,Transporte
SAGA FALABELLA AUTORIZ 506646,Compras
YAPE*LILIA,Alimentación
BAR EL BOTIJON TARJETA 5953,Ocio
CONSULTORIO DENTAL SONRIE #200311,Salud
KFC OCT,Alimentación
COMPRA TC TECNOLOGICO DE MONTERREY,Educación
XBOX LIVE TRUJILLO,Ocio
BITEL CO,Servicios
ZARA MAY,Compras
METRO SANTIAGO MASTERCARD,Transporte
PAGO SERV DENTAL PLUS,Salud
COMPRA PAGO ARRIENDO,Vivienda
CLINICA LAS AMERICAS QR,Salud
NRO OP 323638 PEAJE RUTA,Transporte
TOTTUS #303423,Alimentación
PARKING PLUS*324421,Transporte
COMPRA POS BOLETERIA JOINNUS,Ocio
BITEL STORE,Servicios
COTO REF515627,Alimentación
WOM SAN ISIDRO,Servicios
CHILIS TARJETA 4848,Alimentación
OSDE PREPAGA COD175594,Servicios
APP REPSOL,Transporte
COD AVANTEL,Servicios
COPPEL FEB,Compras
COPPEL OP578688,Compras
CREPES WAFFLES OP391278,Alimentación
TRANSF A AMAZON PRIME VIDEO,Ocio
NRO OP 294650 PAGO PENSION UNIVERSIDAD,Educación
DEB METRO CDMX,Transporte
MUSEO INTERACTIVO OP178903,Ocio
CARREFOUR AUT394932,Alimentación
NRO OP 404548 MANTENIMIENTO TARJETA,Servicios
PAGO CENCOSUD,Compras
NORKYS 14/12/24,Alimentación
PARQUE DE LAS LEYENDAS #590682,Ocio
NRO OP 335791 DONACION ONG,Otros
EASY CONSTRUCCION MAY,Vivienda
SODIMAC CONSTRUCCION 18/09,Vivienda
DEB CARULLA,Alimentación
POS PLAZA VEA SHOP,Compras
INSTITUTO CIBERTEC MASTERCARD,Educación
SEARS LATAM,Compras
COTO PROVIDENCIA,Alimentación
METRO SANTIAGO LIMA,Transporte
ONLINE XBOX LIVE,Ocio
STARBUCKS OP357633,Alimentación
COMPRA PLAZA VEA,Alimentación
SEDAPAL COD621903,Servicios
AVVANTEL COD944936,Servicios
COMPRA INDRIVE VALPARAISO,Transporte
REF EXITO,Alimentación
DB PARQUE ARAUCO,Compras
COD DEPOSITO VARIOS,Otros
PAYLESS*190418,Compras
NORKYS LATAM,Alimentación
PAGO PERSONAL ARG,Servicios
TRANSF A CHINA WOK,Alimentación
AMZN MKTPLACE COD329974,Compras
ONLINE DIDI,Transporte
TOTTUS NOV,Alimentación
POS BERSHKA,Compras
COMPRA TELCEL CARTAGENA,Servicios
JOCKEY PLAZA STORE,Compras
METRO SANTIAGO COD475009,Transporte
ESTACIONAMIENTO*668610,Transporte
MERCADO LIBRE SAN ISIDRO,Compras
COMPRA INTL ALQUILER DEPARTAMENTO,Vivienda
G500 AUTORIZ 020401,Transporte
TRX CHINA WOK,Alimentación
METRO DE LIMA ABR,Transporte
COD PARQUE EXPLORA,Ocio
BURGER KING OP748255,Alimentación
PAQRUE DE LAS LEYENDAS QR,Ocio
DISNEY PLUS OP389596,Ocio
SODIMAC CONSTRUCCION MX,Vivienda
AUTOPISTA NORTE 14JUL,Transporte
CARGO LIVERPOOL,Compras
SURA SEGUROS 22-05-2024,Servicios
AUTOPISTA NORTE 12-08-2024,Transporte
TELMEX INTERNET SAN ISIDRO,Servicios
MOVISTAR MIRAFLORES,Servicios
DUNKIN MIRAFLORES,Alimentación
ONLINE TRUPER FERRETERIA,Vivienda
VEA SUPERMERCADO STORE,Alimentación
UNIVERSIDAD ANDES.COM,Educación
DEBITO AUTOMATICO RETIRO CAJERO,Otros
DEBITO AUTOMATICO TRANSFERENCIA VARIOS,Otros
RETIRO TRUPER FERRETERIA,Vivienda
JUMBO REF843351,Alimentación
WEB DENTA LPLUS,Salud
COMPRA TC RAPPI RESTAURANTE,Alimentación
COMPRA WEB RIPLEY,Compras
ADIDAS STORE LA MOLINA,Compras
DB ANTICUCHOS DON JORGE,Alimentación
PAGO HOSPITAL ITALIANO,Salud
COMPRA TC KARAOKE BOX,Ocio
METRO*468789,Alimentación
FARMACIA GUADALAJARA SAN ISIDRO,Salud
AMZN MKTPLACE #226923,Compras
PETROPERU VITACURA,Transporte
LABORATORIO CLINICO ROCHE COLOMBIA,Salud
ONLINE MCDONALDS,Alimentación
COMPRA WONG CDMX,Alimentación
APP SUBWAY,Alimentación
DB ALIEXPRESS,Compras
SHELL REF357322,Transporte
UDEMY BUENOS AIRES,Educación
COMPRA INTL COSTANERA CENTER,Compras
LIDER APROB160079,Alimentación
NEQUI*ANSELMA,Alimentación
CARGO GIRO INTERNACIONAL,Otros
COD NETFLIX.COM,Ocio
CHINA TOWN 15/08,Alimentación
COMPRA BODYTECH GYM COYOACAN,Ocio
PAGO ONLINE PAPA JOHNS,Alimentación
SHELL LIMA,Transporte
GAS NATURAL 19-06-2025,Servicios
AMAZON OP257842,Compras
COMPRA POS RIPLEY,Compras
PAGO ONLINE TOTTUS CHILE,Alimentación
NRO OP 490580 BERSHKA,Compras
DB COPEC,Transporte
TEATRO MUNICIPAL MAR,Ocio
TEMU MAR DEL PLATA,Compras
DIID QR,Transporte
LIVERPOOL TARJETA 5161,Compras
COMPRA EL CORRAL SAN ISIDRO,Alimentación
AT&T MEXICO TARJETA 8239,Servicios
YAPE*GISELA,Alimentación
OPTICA LA INES PERU,Salud
PLAZA VESTIR ROSARIO,Compras
SEGUROS BOLIVAR COD466748,Servicios
FARMATODO LIMA,Salud
OLIMPICA LIMA,Alimentación
UNIVERSIDAD PACIFICO MIRAFLORES,Educación
COMPRA CINEPLANET CONCEPCION,Ocio
NIKE STORE AUT516000,Compras
MERCADO SHOPS REF115592,Compras
DB VIVANDA,Alimentación
LABORATORIO CLINICO ROCHE JUL,Salud
SALCOBRAND CO,Salud
PAPA JOHNS OP287442,Alimentación
CARREFOUR AUT187898,Alimentación
COMPRA PAGO PENSION UNIVERSIDAD,Educación
G500 OP493201,Transporte
SALCOBRAND MASTERCARD,Salud
JOCKEY PLAZA OP622644,Compras
COMPRA MANTTO CONJUNTO,Vivienda
APP NETFLIX.COM,Ocio
COMPRA DIDI FOOD BOGOTA,Alimentación
TOTTUS CHILE 20-03-2025,Alimentación
RIMAC SEGUROS 17JAN,Servicios
PETROPERU.COM,Transporte
COMPRA TC FERIA DEL LIBRO,Ocio
ICPNA MAR,Educación
PARQUE EXPLORA TARJETA 9161,Ocio
SEARS APROB630766,Compras
DEBITO AUTOMATICO FRISBY,Alimentación
TAXI DATUM 07/10/24,Transporte
UBER TRIP #785318,Transporte
LABORATORIO ROE REF266338,Salud
PAGO TRANSANTIAGO,Transporte
LUZ DEL SUR 03-08-2024,Servicios
OLIMPICA LATAM,Alimentación
UBER EATS MX,Alimentación
DONACION ONG OP006717,Otros
PAGO VARIOS*366008,Otros
INMOBILIARIA CENTURY21 OP150088,Vivienda
DENTAL PLUS MAY,Salud
TRANSF A DUOLINGO PLUS,Educación
COMPRA POS CLINICA LAS AMERICAS,Salud
CREPES WAFFLES APROB836975,Alimentación
PLAZAS EXITO ROPA MIRAFLORES,Compras
PLAZAS EXITO ROPA SAN ISIDRO,Compras
APP ALLIANZ SEGUROS,Servicios
YPF MASTERCARD,Transporte
WEB TRANSANTIAGO,Transporte
COMPRA ZARA,Compras
PUMA ENERGY AUT316758,Transporte
NEQUI*NOÉ,Alimentación
PAYLESS REF131959,Compras
COMPRA TC TELMEX INTERNET,Servicios
COMPRA METRO SANTIAGO SURCO,Transporte
NRO OP 919110 DISNEY PLUS,Ocio
DIA APROB605649,Alimentación
COURSERA QR,Educación
APP VTR,Servicios
RETIRO PARKING PLUS,Transporte
XBOX LIVE QR,Ocio
COMPRA PLAAZA VEA,Alimentación
CHEDRAUI #505406,Alimentación
COD EXITO,Alimentación
G500 APROB722899,Transporte
COPA AIRLINES COD154903,Transporte
XBOX LIVE APROB957157,Ocio
SALCOBRAND COD941074,Salud
SEDAPAL 16OCT,Servicios
TEMU STORE,Compras
IN DRIVER LA PLATA,Transporte
RETIRO INSTITUTO IDIOMAS,Educación
POS GIRO INTERNACIONAL,Otros
SEARS STORE,Compras
COD 7 ELEVEN,Alimentación
ANTICUCHOS DON JORGE APROB999310,Alimentación
LINKEDIN LEARNING 30/07,Educación
COMPRA OECHSLE TRUJILLO,Compras
FALABELLA 24SEP,Compras
DEB PEMEX,Transporte
COMPRA SCOOTER MOVO,Transporte
DEBITO AUTOMATICO UBER EATS,Alimentación
DB SUBTE BUENOS AIRES,Transporte
ADMINISTRACION EDIFICIO 19-10-2024,Vivienda
NRO OP 524834 SPOTIFY,Ocio
TRANSF A SPOTIFY,Ocio
CUOTA CONDOMINIO PE,Vivienda
COMPRA TERPEL PUEBLA,Transporte
PETROPERU AUTORIZ 065546,Transporte
FERRETERIA EL TORNILLO TARJETA 8481,Vivienda
PETROPERU OP943581,Transporte
DAVIPLATA*JOAN,Alimentación
RETIRO TWITCH,Ocio
AVIANCA LIMA,Transporte
EASY CONSTRUCCION 21/03,Vivienda
ENEX #889925,Transporte
NINTENDO ESHOP LATAM,Ocio
POS FARMACIA GUADALAJARA,Salud
AUTOPISTA NORTE LATAM,Transporte
REPSOL ARGENTINA,Transporte
SANITAS EPS REF502332,Servicios
FERIA DEL LIBRO AUT033143,Ocio
PUMA ENERGY APROB914738,Transporte
FARMACIA BENAVIDES NOV,Salud
OXXO TARJETA 9156,Alimentación
CLINICA SANNA*955313,Salud
PAGO ONLINE MERCADO SHOPS,Compras
COMPRA TC MARKO,Alimentación
POS DOONACION ONG,Otros
CLINICA SANNA REF105619,Salud
D1 OP256242,Alimentación
MANTTO CONJUNTO TARJETA 8616,Vivienda
COMPRA TC SANCOR SEGUROS,Servicios
DEBITO AUTOMATICO OXXO,Alimentación
TRANSANTIAGO #677143,Transporte
TRANSSMILENIO APROB876049,Transporte
WOM MIRAFLORES,Servicios
COMPRA TC SHEIN,Compras
RILPEY COLOMBIA,Compras
REF IN DRIVER,Transporte
PAGO MATRICULA MASTERCARD,Educación
COMPRA DIDI FOOD MEDELLIN,Alimentación
COMPRA TC TOTTUS CHILE,Alimentación
POS CENTRO MEDICO SAN FELIPE,Salud
COMPRA WEB PLAZA VEA SHOP,Compras
COMPRA INTL PAYLESS,Compras
COOMEVA EPS TARJETA 6320,Servicios
YAPE*LEYRE 966340,Servicios
COMPRA CRISTAL,Alimentación
PRIMAX MASTERCARD,Transporte
YAPE*JUAN JOSÉ 249187,Servicios
APP D1,Alimentación
REF DIDI FOOD,Alimentación
INMOBILIARIA CENTURY21 BOGOTA,Vivienda
COD EBAY,Compras
WEB CLINICA SHAIO,Salud
CONSULTORIO DENTAL SONRIE LIMA,Salud
KFC STORE,Alimentación
PLAZA VESTIR COD780876,Compras
DB ARA,Alimentación
TOTTUS TARJETA 9380,Alimentación
CARGO OLIMPICA,Alimentación
DEB CLINICA LAS AMERICAS,Salud
LIDER.COM,Alimentación
ALLIANZ SEGUROS SAN ISIDRO,Servicios
COMPRA TC FARMACIA GUADALAJARA,Salud
REF FERRETERIA EL TORNILLO,Vivienda
DAVIPLATA*CIRO,Alimentación
ENTEL COD665825,Servicios
BATA REF863862,Compras
APP WONG,Alimentación
CENCOSUD NOV,Compras
NRO OP 115335 CARULLA,Alimentación
CARREFOUR AUTORIZ 433060,Alimentación
NRO OP 005777 PETROPERU,Transporte
COMPRA TC MANTENIMIENTO TARJETA,Servicios
COMPRA INTL LA COMER,Alimentación
AMAZON PRIME VIDEO AUT385715,Ocio
SEGUROS BOLIVAR REF760242,Servicios
METRO SANTIAGO 14/06/25,Transporte
ONLINE PULL BEAR,Compras
PAGO NINTENDO ESHOP,Ocio
EL CORRAL JUN,Alimentación
TELMEX INTERNET MASTERCARD,Servicios
TRX SWISS MEDICAL,Servicios
LA REBAJA VIRTUAL*902775,Salud
FARMACIA BENAVIDES COD878958,Salud
PAGO SERV ALIEXPRESS,Compras
SWISS MEDICAL REF957785,Servicios
FARMACIAS DEL AHORRO.COM,Salud
PAGO SANTA FE MALL,Compras
CLINICA LAS AMERICAS MASTERCARD,Salud
PAGO ONLINE ADMINISTRACION CONJUNTO RESIDENCIAL,Vivienda
COMPRA ENTEL,Servicios
COD JOCKEY PLAZA,Compras
PLIN*ISAÍA,Alimentación
BURGER KING.COM,Alimentación
SEARS MX,Compras
COD CARULLA,Alimentación
ITUZAINGO PEAJE VISA,Transporte
NRO OP 311523 LA POLAR,Compras
ML*COMPRA MIRAFLORES,Compras
COMPRA PEAJE RUTA MAIPU,Transporte
TRUPER FERRETERIA TARJETA 0176,Vivienda
WEB CABIFY,Transporte
DEB AVIANCA,Transporte
JOCKEY PLAZA COD087591,Compras
NRO OP 914864 GASCO,Servicios
DB WOM,Servicios
COMPRA TC CUOTA CONDOMINIO,Vivienda
TRUPER FERRETERIA AUTORIZ 335677,Vivienda
WEB ARA,Alimentación
MOVISTAR LATAM,Servicios
PAGO ADIDAS STORE,Compras
COMPRA PUMA ENERGY,Transporte
CARGO LA POSITIVA SEGUROS,Servicios
CARGO LA REBAJA VIRTUAL,Salud
DB SURA SEGUROS,Servicios
LA POLAR.COM,Compras
FALABELLA APROB950215,Compras
TRX OPTICA GMO,Salud
LIVERPOOL COD715861,Compras
APP MERCADO LIBRE,Compras
TRANSANTIAGO APROB926514,Transporte
RIPLEY REF608352,Compras
NRO OP 731123 CLARO INTERNET,Servicios
APP PRESTO,Alimentación
DENTAL PLUS MIRAFLORES,Salud
RETIRO PAGO VARIOS,Otros
COMPRA POS TRUPER FERRETERIA,Vivienda
METTRO DE LIMA.COM,Transporte
COD GYM SMARTFIT,Ocio
DEBITO AUTOMATICO TICKETMASTER,Ocio
MODO*JUAN MANUEL,Alimentación
COMPRA WEB ICPNA,Educación
NRO OP 529191 ADMINISTRACION CONJUNTO RESIDENCIAL,Vivienda
H&M MIRAFLORES,Compras
COMPRA POS CENCOSUD,Compras
NEQUI*ELIGIA,Alimentación
ONLINE PAGO HIPOTECARIO,Vivienda
PAGO SHELL,Transporte
NRO OP 586254 SWISS MEDICAL,Servicios
CENTRO MEDICO SAN FELIPE APROB803029,Salud
RETIRO ICPNA,Educación
AVIANCA COD611635,Transporte
COMPRA TC PRESTO,Alimentación
COMPRA POS YPF,Transporte
LA POLAR AUTORIZ 960223,Compras
TRANSANTIAGO MASTERCARD,Transporte
PAPA JOHNS VISA,Alimentación
DB SANITAS EPS,Servicios
ONLINE EL CORRAL,Alimentación
WEB PARAMOUNT PLUS,Ocio
WEB COMISION MANTENIMIENTO CUENTA,Servicios
TRX TRANSMILENIO,Transporte
CARGO SEDAPAL,Servicios
PARKING PLUS STORE,Transporte
MODO*LUIS MIGUEL,Alimentación
JUMBO QR,Alimentación
HOSPITAL ANGELES MASTERCARD,Salud
SUBWAY MIRAFLORES,Alimentación
ANTICUCHOS DON JORGE OP558642,Alimentación
TRANSF A BEAT,Transporte
COMPRA INTL AMAZON PRIME VIDEO,Ocio
CLINICA SHAIO APROB209992,Salud
EPM VALPARAISO,Servicios
NRO OP 475588 EL CORRAL,Alimentación
WEB ADMINISTRACION CONJUNTO RESIDENCIAL,Vivienda
RETIRO LIBRERIA GANDHI,Educación
ONLINE CREPES WAFFLES,Alimentación
MERCADO LIBRE APROB811592,Compras
GASCO AUT732174,Servicios
COMPRA WEB MERCADO LIBRE,Compras
DAVIPLATA*MORENO,Alimentación
UBER TRIP AUT978265,Transporte
CARREFOUR*184058,Alimentación
COMPRA POS SEARS,Compras
PAGO ENTEL,Servicios
DAVIPLATA*ALFONSO 465723,Otros
COMPRA CRUZ DEL SUR TIJUANA,Transporte
OECHSLE LATAM,Compras
COMPRA INTL PAPA JOHNS,Alimentación
COMPRA POS GAS NATURAL,Servicios
TRANSF A COPA AIRLINES,Transporte
DEB MOVISTAR,Servicios
ANTICUCHOS DON JORGE LIMA,Alimentación
PLAZAS EXITO ROPA APROB938276,Compras
MODO*ROSALVA,Alimentación
LA POLAR APROB903125,Compras
NRO OP 052068 OECHSLE,Compras
DEBITO AUTOMATICO CENCOSUD,Compras
PLIN*JOSE MANUEL,Alimentación
COMPRA GYM SMARTFIT LAS CONDES,Ocio
COMPRA MERCADO LIBRE,Compras
GAS NATURAL*711695,Servicios
ONLINE LIBRERIA CRISOL,Educación
GYM SMARTFIT CL,Ocio
TRX ADIDAS STORE,Compras
STARBUCKS TARJETA 3211,Alimentación
DAVIPLATA*AMADOR,Alimentación
SANTA FE MALL MIRAFLORES,Compras
TAXI DATUM 26/03,Transporte
ONLINE YOUTUBE PREMIUM,Ocio
MASSIMO DUTTI MIRAFLORES,Compras
FALABELLA AUTORIZ 463458,Compras
JUAN VALDEZ APROB380631,Alimentación
SALCOBRAND REF014551,Salud
TRANSF A PANADERIA SAN JORGE,Alimentación
GASCO OP389982,Servicios
LATAM AILRINES TARJETA 3963,Transporte
BURGER KING TARJETA 6416,Alimentación
COMPRA PEAJE RUTAS DEL SOL,Transporte
MAKRO AUTORIZ 902809,Alimentación
FERIA DEL LIBRO TARJETA 0352,Ocio
NETFLIX.COM COD247204,Ocio
NETFLIX.COM MAY,Ocio
PAGO ONLINE CFE,Servicios
COD CLARO SHOP,Compras
NRO OP 223056 AGUAS ANDINAS,Servicios
CEVICHERIA EL RINCON TARJETA 4422,Alimentación
PEAJE RUTAS DEL SOL COD320617,Transporte
TWITCH 20/03,Ocio
DB PLAZA VEA,Alimentación
CARGO UBER EATS,Alimentación
COMPRA TC EDITORIIAL SANTILLANA,Educación
DEB PAGO PENSION UNIVERSIDAD,Educación
WEB TAXI DATUM,Transporte
ADIDAS STORE REF427647,Compras
POS CLINICA SHAIO,Salud
COMPRA INTL RIFA BENEFICA,Otros
OPPEL APROB032014,Compras
NEQUI*JAVIER,Alimentación
COD EDESUR,Servicios
APPLE.COM VITACURA,Compras
MUNDO MARINO OP102107,Ocio
METRO VISA,Alimentación
LIDER MIRAFLORES,Alimentación
LUZ DEL SUR OP214740,Servicios
DEBITO AUTOMATICO BAR EL BOTIJON,Ocio
MAKRO MIRAFLORES,Alimentación
LA POLAR PE,Compras
FARMACIAS DEL AHORRO MIRAFLORES,Salud
VEA SUPERMERCADO APROB981687,Alimentación
COMPRA TAXI DATUM MONTERREY,Transporte
MERCADO LIBRE AUTORIZ 350434,Compras
SCOOTER MOVO*061732,Transporte
JOCKEY PLAZA OCT,Compras
POS MOVISTAR,Servicios
COMPRA EDESUR ROSARIO,Servicios
CLINICA SANNA MIRAFLORES,Salud
SPORTLIFE GYM VISA,Ocio
SURA SEGUROS SAN ISIDRO,Servicios
PAGO SERV H&M,Compras
COMPRA TC DIDI FOOD,Alimentación
CARGO ML*COMPRA,Compras
TERPEL SAN ISIDRO,Transporte
OLIMPICA.COM,Alimentación
CFE APROB708132,Servicios
RETIRO CAJERO.COM,Otros
COTO LATAM,Alimentación
COMPRA INTL LIBRERIA GANDHI,Educación
WEBB LUZ DEL SUR,Servicios
ONLINE MERCADO LIBRE,Compras
PAGO FERRETERA EL TORNILLO,Vivienda
COMPRA TC CLINICA RICARDO PALMA,Salud
SORIANA OP166351,Alimentación
MAX.COM STORE,Ocio
REPSOL*573839,Transporte
DEBITO AUTOMATICO AJUSTE CONTABLE,Otros
MERCADO PAGO*LAURA,Otros
ONLINE CONSULTORIO DENTAL SONRIE,Salud
NRO OP 096510 ADIDAS STORE,Compras
FARMATODO PE,Salud
NRO OP 738516 COOMEVA EPS,Servicios
FALABELLA COD825570,Compras
PLIN*LEOPOLDO,Alimentación
LATAM AIRLINES.COM,Transporte
TOTTUS OP912313,Alimentación
ARA SAN ISIDRO,Alimentación
COMPRA WEB PETROPERU,Transporte
7 ELEVEN JUN,Alimentación
COMPRA CONCIERTO LIVE NATION TIJUANA,Ocio
DONACION ONG REF816323,Otros
PAGO REPSOL,Transporte
MASSIMO DUTTI STORE,Compras
METRO MASTERCARD,Alimentación
NRO OP 836259 CENTRO MEDICO SAN FELIPE,Salud
IN DRIVER AUTORIZ 169293,Transporte
PEMEX QR,Transporte
KFC #090762,Alimentación
DEBITO AUTOMATICO PERSONAL ARG,Servicios
PLIN*DALILA,Servicios
PAYLESS COD509199,Compras
YAPE*TEO,Servicios
PAGO ONLINE GIRO INTERNACIONAL,Otros
REF RIMAC SEGUROS,Servicios
COSTANERA CENTER AUT976575,Compras
PUMA ENERGY MASTERCARD,Transporte
NRO OP 509070 TOTTUS CHILE,Alimentación
PAGO HIPOTECARIO CORDOBA,Vivienda
DB RAPPI RESTAURANTE,Alimentación
ENVIO WESTERN UNION OP267409,Otros
ONLINE STARBUCKS,Alimentación
COMPRA POS IZZI TELECOM,Servicios
AUTOPISTA NORTE OP291973,Transporte
CARGO D1,Alimentación
PAYLESS QR,Compras
MERCADO PAGO*JOSE,Servicios
TRUPER FERRETERIA TARJETA 8708,Vivienda
INSTITUTO IDIOMAS*283666,Educación
COMPRA WEB IBERDROLA,Servicios
ARA OP120498,Alimentación
PRESTO LIMA,Alimentación
MERCADO SHOPS.COM,Compras
COMPRA POS CFE,Servicios
ANTICUCHOS DON JORGE VISA,Alimentación
PAGO ONLINE TIGO,Servicios
ENEX AUTORIZ 853243,Transporte
POLLERIA NORKYS AUT998801,Alimentación
COMPRA POS TELMEX INTERNET,Servicios
DUOLINGO PLUS TARJETA 3387,Educación
TRX CROSSFIT BOX,Ocio
REF ITUZAINGO PEAJE,Transporte
DEBB JUAN VALDEZ,Alimentación
EDENOR ENE,Servicios
GAS NATURAL STORE,Servicios
TRX OPTICA LA INES,Salud
AUTOPISTA NORTE 13AUG,Transporte
DIA TARJETA 8454,Alimentación
NRO OP 871410 PARQUE EXPLORA,Ocio
ONLINE PLATZI,Educación
RETIRO SORTEO LOTERIA,Otros
NRO OP 224412 BUS EJECUTIVO,Transporte
ITUZAINGO PEAJE #398180,Transporte
TRANSF A ADMINISRTACION EDIFICIO,Vivienda
DEBITO AUTOMATICO GAS NATURAL,Servicios
RIMAC SEGUROS VISA,Servicios
CARGO ICPNA,Educación
COMPRA TC ADIDAS STORE,Compras
GYM SMARTFIT OP452793,Ocio
APP ALIEXPRESS,Compras
DB UNIVERSIDAD ANDES,Educación
DB LABORATORIO ROE,Salud
TRANSANTIAGO AUT426361,Transporte
DEB UNIVERSIDAD PACIFICO,Educación
OXXO.COM,Alimentación
OXXO AUTORIZ 345231,Alimentación
YPF AUT036374,Transporte
COMPRA INTL ARA,Alimentación
CREDITO VIVIENDA AUTORIZ 532064,Vivienda
PAGO ONLINE DUOLINGO PLUS,Educación
PETROPERU CL,Transporte
ONLINE REPSOL,Transporte
NORKYS SAN ISIDRO,Alimentación
NRO OP 631809 CONCIERTO LIVE NATION,Ocio
TRANSMILENIO CONCEPCION,Transporte
LIBRERIA CRISOL AUT281055,Educación
POS DIDI,Transporte
DEPOSITO VARIOS NOV,Otros
DEBITO AUTOMATICO COPPEL,Compras
BUS EJECUTIVO OP573164,Transporte
BEAT MIRAFLORES,Transporte
NORKYS AUT010063,Alimentación
CREPES WAFFLES MASTERCARD,Alimentación
MAPFRE SEGUROS APROB292600,Servicios
OPTICA GMO VISA,Salud
PRIMAX AUTORIZ 178067,Transporte
DEBITO AUTOMATICO EDENOR,Servicios
IBERDROLA PERU,Servicios
APP ANALISIS CLINICOS UNIDOS,Salud
COD XBOX LIVE,Ocio
CONSULTORIO DENTAL SONRIE AGO,Salud
WALMART STORE,Alimentación
KFC DIC,Alimentación
COMPRA PRETSO,Alimentación
COMPRA POS PARQUE EXPLORA,Ocio
COD LUZ DEL SUR,Servicios
TRX CLINICA SANNA,Salud
COMPRA JOCKEY PLAZA CONCEPCION,Compras
ARA OP523451,Alimentación
COMPRA TC CHINA TOWN,Alimentación
ANTICUCHOS DON JORGE AUTORIZ 450481,Alimentación
PLAYCENTER OP016931,Ocio
DAVIPLATA*ROGELIO,Servicios
DEB METRO SANTIAGO,Transporte
ALIEXPRESS SAN ISIDRO,Compras
METRO COD423290,Alimentación
ALIEXPRESS 28-03-2025,Compras
COMPRA FARMACIA GUADALAJARA,Salud
TEATRO MUNICIPAL COD046469,Ocio
COMPRA VTR CHICLAYO,Servicios
TIGO AUTORIZ 195348,Servicios
AMZN MKTPLACE MASTERCARD,Compras
CLINICA RICARDO PALMA AUTORIZ 884443,Salud
COPEC*295280,Transporte
DOMINOS PIZZA VISA,Alimentación
LIBRERIA GANDHI*331619,Educación
PAGO SERV SAGA FALABELLA,Compras
D1 VITACURA,Alimentación
COTO MIRAFLORES,Alimentación
PLAZAS EXITO ROPA OCT,Compras
PAGO HIPOTECARIO CONCEPCION,Vivienda
FARMACIA SIMILARES MIRAFLORES,Salud
NRO OP 043453 PAPA JOHNS,Alimentación
REF INDRIVE,Transporte
COMISION MANTENIMIENTO CUENTA 15-06-2025,Servicios
CREDITO VIVIENDA LMIA,Vivienda
POS TRANSMILENIO,Transporte
SEDAPAL REF843600,Servicios
CLARO SHOP*405913,Compras
APP BUS EJECUTIVO,Transporte
SUBWAY 04/02,Alimentación
RETIRO BODYTECH GYM,Ocio
DEPOSITO VARIOS JUN,Otros
RETIRO SALCOBRAND,Salud
POS DISNEY PLUS,Ocio
PEAJE RUTAS DEL SOL OP805337,Transporte
EASY CONSTRUCCION LATAM,Vivienda
PAGO ONLINE TELCEL,Servicios
COPA AIRLINES MIRAFLORES,Transporte
PLAZA NORTE #192935,Compras
MIFARMA REF063542,Salud
COMPRA POS MASSIMO DUTTI,Compras
AMAZON OP913846,Compras
DOMINOS PIZZA MASTERCARD,Alimentación
CROSSFIT BOX AUTORIZ 850509,Ocio
LIBRERIA GANDHI AGO,Educación
NORKYS #610684,Alimentación
MANTENIMIENTO TARJETA MIRAFLORES,Servicios
AVANTEL SAN ISIDRO,Servicios
LA REBAJA VIRTUAL COLOMBIA,Salud
JOCKEY PLAZA SAN ISIDRO,Compras
POS REPSOL,Transporte
HOSPITAL ANGELES COD724808,Salud
COMPRA PULL BEAR MIRAFLORES,Compras
EDENOR LIMA,Servicios
CROSSFIT BOX SURCO,Ocio
DEBITO AUTOMATICO PARQUE DE LAS LEYENDAS,Ocio
CREDITO VIVIENDA.COM,Vivienda
PAGO SERV LIDER,Alimentación
SPORTLIFE GYM SEP,Ocio
POS LVIERPOOL,Compras
AVIANCA VISA,Transporte
PAYLESS.COM,Compras
COMPRA INTL LIDER,Alimentación
MIFARMA AUTORIZ 876596,Salud
PAGO SERV PAGO A TERCEROS,Otros
PAGO FALABELLA,Compras
REF REPSOL,Transporte
PLAZA NORTE MX,Compras
DB SANTA ISABEL,Alimentación
ALIEXPRESS APROB197932,Compras
COMPRA INTL H&M,Compras
CARGO DUNKIN,Alimentación
MAESTRO HOME CENTER MX,Vivienda
PRIMXA TARJETA 5371,Transporte
JUMBO PE,Alimentación
CARGO PARDOS CHICKEN,Alimentación
COMPRA POS OPTICA LA INES,Salud
PAYLESS VISA,Compras
NEQUI*ISABEL 726429,Servicios
TEMU TARJETA 2574,Compras
UBER TRIP*474679,Transporte
DIDI TARJETA 2266,Transporte
DEBITO AUTOMATICO ENEX,Transporte
BERSHKA APROB574632,Compras
CLARO INTERNET #284946,Servicios
WEB WOM,Servicios
COSTANERA CENTER COD759753,Compras
PAGO SERV AMAZON,Compras
PULL BEAR OP134026,Compras
APP EPM,Servicios
TRX TELCEL,Servicios
NEQUI*AMÍLCAR,Alimentación
CARGO PAGO PENSION COLEGIO,Educación
ADMINISTRACION CONJUNTO RESIDENCIAL*090665,Vivienda
FARMATODO.COM,Salud
CRUZ VERDE REF273408,Salud
DEB COURSERA,Educación
COMISION INTERBANCARIA QR,Servicios
AMAZON PRIME VIDEO MASTERCARD,Ocio
CARULLA TARJETA 0825,Alimentación
COMPRA POS MANTTO CONJUNTO,Vivienda
COMPRA DONACION ONG,Otros
PAGO OPTICA GMO,Salud
POS LIDER,Alimentación
INMOBILIARIA CENTURY21 LATAM,Vivienda
COMPRA INTL PARKING PLUS,Transporte
MOVISTAR.COM,Servicios
WEB ALLIANZ SEGUROS,Servicios
COMPRA WEB EDITORIAL SANTILLANA,Educación
WOM QR,Servicios
DB METRO DE LIMA,Transporte
COMPRA TC NETFLIX.COM,Ocio
NRO OP 100214 RIPLEY,Compras
APP DOMINOS PIZZA,Alimentación
COMPRA BEAT,Transporte
MODO*PÍA,Alimentación
WEB AMAZON PRIME VIDEO,Ocio
TOTTUS CHILE COD551568,Alimentación
DEB BEAT,Transporte
COPEC OP023165,Transporte
PAGO IZZI TELECOM,Servicios
COMPRA POS AEROMEXICO,Transporte
SEARS AUTORIZ 080891,Compras
KFC TARJETA 1357,Alimentación
COMPRA TC LA POSITIVA SEGUROS,Servicios
TRANSF A BAR EL BOTIJON,Ocio
APP GYM SMARTFIT,Ocio
CRISTAL STORE,Alimentación
COMPRA POS DOMINOS PIZZA,Alimentación
REF GAS NATURAL,Servicios
ENEL REF541297,Servicios
TRANSF A ARA,Alimentación
SPOTIFY AUT075932,Ocio
PAGO SERV AT&T MEXICO,Servicios
COD SCOOTER MOVO,Transporte
COMPRA PARQUE ARAUCO SAN ISIDRO,Compras
COMPRA PAGO CERTIFICACION MENDOZA,Educación
EL CORRAL REF551599,Alimentación
ALLIANZ SEGUROS LIMA,Servicios
DEB PAGO HIPOTECARIO,Vivienda
GAS NATURAL OP647693,Servicios
CLINICA RICARDO PALMA TARJETA 7873,Salud
CUOTA CONDOMINIO APROB054654,Vivienda
UBER TRIP MIRAFLORES,Transporte
LATAM AIRLINES #239720,Transporte
DEBITO AUTOMATICO PAPA JOHNS,Alimentación
TRANSF A DISNEY PLUS,Ocio
SEARS MIRAFLORES,Compras
DUOLINGO PLUS AUT167565,Educación
BODYTECH GY*M962427,Ocio
NINTENDO ESHOP APROB286306,Ocio
MANTTO CONJUNTO MAR,Vivienda
SEGUROS BOLIVAR SAN ISIDRO,Servicios
NRO OP 451557 RAPPI RESTAURANTE,Alimentación
NRO OP 813523 SHELL,Transporte
TRANSF A METRO CDMX,Transporte
POS PERSONAL ARG,Servicios
ALQUILER DEPARTAMENTO SAN ISIDRO,Vivienda
POS CARULLA,Alimentación
XBOX LIVE*804752,Ocio
PEAJE RUTA AUTORIZ 196554,Transporte
PARKING PLUS QR,Transporte
COMPRA INTL LA REBAJA VIRTUAL,Salud
FALABELLA FEB,Compras
MAKRO 07/04/25,Alimentación
DB COMISION INTERBANCARIA,Servicios
PORTES BANCARIOS LIMA,Servicios
COMPRA WEB ESTACIONAMIENTO,Transporte
COD CRUZ DEL SUR,Transporte
RETIRO CINEPOLIS,Ocio
AGUAS ANDINAS*480415,Servicios
RETIRO PEDIDOSYA,Alimentación
PAGO AMAZON PRIME VIDEO,Ocio
METRO CDMX OP313894,Transporte
CLARO SHOP OP842580,Compras
UDEMY MIRAFLORES,Educación
MOVISTAR FIBRA VISA,Servicios
COMPRA POS OPTICA GMO,Salud
REPSOL TARJETA 1308,Transporte
BODYTECH GYM MASTERCARD,Ocio
DAVIPLATA*REYES,Alimentación
PAGO PENSION COLEGIO MIRAFLORES,Educación
IN DRIVER OP484991,Transporte
CHINA WOK APROB263254,Alimentación
ONLINE ENVIO WESTERN UNION,Otros
PERSONAL ARG MEXICO,Servicios
DB ADMINISTRACION EDIFICIO,Vivienda
LA POLAR TARJETA 9163,Compras
SHEIN AUTORIZ 792842,Compras
SANTA FE MALL AUT916163,Compras
CARGO SCOOTER MOVO,Transporte
NEQUI*BRUNILDA,Alimentación
BURGER KING MASTERCARD,Alimentación
CRUZ VERDE OCT,Salud
WEB JOCKEY PLAZA,Compras
DEBITO AUTOMATICO PLAZA VEA,Alimentación
METRO CDMX QR,Transporte
PAGO SERV MASSIMO DUTTI,Compras
FARMACIA SIMILARES QR,Salud
MOVISTAR FIBRA QR,Servicios
CARGO TEATRO MUNICIPAL,Ocio
DEBITO AUTOMATICO FALABELLA,Compras
RETIRO BITEL,Servicios
PLIN*AMANDO,Alimentación
COMPRA ESTACIONAMIENTO,Transporte
EDESUR SAN ISIDRO,Servicios
DOMINOS PIZZA PERU,Alimentación
PEAJE RUTAS DEL SOL COD912454,Transporte
YAPE*MARÍA DOLORES 616192,Servicios
IZZI TELECOM MIRAFLORES,Servicios
VIVANDA AUTORIZ 401949,Alimentación
TECNOLOGICO DE MONTERREY NOV,Educación
NRO OP 629265 ADMINISTRACION EDIFICIO,Vivienda
PLAZA NORTE AUTORIZ 375350,Compras
ML*COMPRA*758498,Compras
COMPRA TC AT&T MEXICO,Servicios
MANTENIMIENTO TARJETA AUTORIZ 891719,Servicios
COMPRA TC MAESTRO HOME CENTER,Vivienda
MAESTRO HOME CENTER MASTERCARD,Vivienda
COMPRA POS MAESTRO HOME CENTER,Vivienda
TIGO LATAM,Servicios
TICKETMASTER AUTORIZ 085463,Ocio
COPEC LATAM,Transporte
DEBITO AUTOMATICO COMISION INTERBANCARIA,Servicios
COMPRA WEB MOVISTAR,Servicios
COMPRA SAGA FALABELLA,Compras
UBER TRIP APROB911440,Transporte
COMPRA INTL WOM FIBRA,Servicios
FARMACIA BENAVIDES LATAM,Salud
CFE OP224923,Servicios
COMPRA POS CRUZ VERDE,Salud
EDENOR NOV,Servicios
DEB EDITORIAL SANTILLANA,Educación
CLARO.COM,Servicios
COMPRA WEB BEAT,Transporte
POS LABORATORIO CLINICO ROCHE,Salud
WEB MANTTO CONJUNTO,Vivienda
AJUSTE CONTABLE VALPARAISO,Otros
TRANSF A FARMATODO,Salud
RAPPI RESTAURANTE LIMA,Alimentación
CLINICA SHAIO AREQUIPA,Salud
DB PAGO HIPOTECARIO,Vivienda
DIA TARJETA 5478,Alimentación
NRO OP 716530 FARMACIA INKAFARMA,Salud
PAGO ARRIENDO*847123,Vivienda
COMPRA WEB SWISS MEDICAL,Servicios
ONLINE EDESUR,Servicios
LABORATORIO CLINICO ROCHE 25JUN,Salud
ENEX APROB810476,Transporte
TRX UNIMARC,Alimentación
CHINA WOK 16-11-2024,Alimentación
PUMA ENERGY AUTORIZ 535333,Transporte
DEBITO AUTOMATICO NIKE STORE,Compras
PAGO DEEZER,Ocio
COMPRA WEB AT&T MEXICO,Servicios
TRANSF A HOSPITAL ITALIANO,Salud
NRO OP 246080 GASCO,Servicios
COMPRA IN DRIVER LA PLATA,Transporte
PAGO ONLINE PLAZA NORTE,Compras
DEBITO AUTOMATICO EASY CONSTRUCCION,Vivienda
TRX OECHSLE,Compras
ESTACIONAMIENTO OP163821,Transporte
WALMART AUTORIZ 329279,Alimentación
APP CLINICA SANNA,Salud
RETIRO LIVERPOOL,Compras
DEB INDRIVE,Transporte
METRO DE LIMA VISA,Transporte
FARMACIA GUADALAJARA.COM,Salud
COSTANERA CENTER*034689,Compras
DEBITO AUTOMATICO SEARS,Compras
CROSSFIT BOX 10MAY,Ocio
DEB YPF,Transporte
IN DRIVER TARJETA 5404,Transporte
COMPRA POS SHELL,Transporte
TRANSANTIAGO #127780,Transporte
APP PAGO MATRICULA,Educación
TELCEL APROB299515,Servicios
PAGO SERV KARAOKE BOX,Ocio
BUS EJECUTIVO OP545564,Transporte
CREPES WAFFLES SAN ISIDRO,Alimentación
RIMAX MASTERCARD,Transporte
MIFARMA LAS CONDES,Salud
PAGO ONLINE CARREFOUR,Alimentación
PAGO VARIOS SAN ISIDRO,Otros
CARGO UBER TRIP,Transporte
SANTA FE MALL*640099,Compras
TICKETMASTER LATAM,Ocio
RETIRO SEGUROS BOLIVAR,Servicios
CARGO TRANSMILENIO,Transporte
PARQUE ARAUCO COD736710,Compras
NORKYS CABA,Alimentación
AMZN MKTPLACE*421227,Compras
DB WONG,Alimentación
PAGO BEAT,Transporte
SORTEO LOTERIA LIMA,Otros
BATA LIMA,Compras
COMPRA ADMINISTRACION CONJUNTO RESIDENCIAL SANTIAGO,Vivienda
TRANSF A EBY,Compras
LIDER LA PLATA,Alimentación
RETIRO MERCADO SHOPS,Compras
PRESTO BOGOTA,Alimentación
JUMBO MASTERCARD,Alimentación
BAR EL BOTIJON MAY,Ocio
MANTENIMIENTO TARJETA MASTERCARD,Servicios
CRUZ DEL SUR COD607004,Transporte
COMPRA TC HOSPITAL ANGELES,Salud
COURSERA REF898410,Educación
MAX.COM REF197746,Ocio
PRIMAX VISA,Transporte
METRO CDMX REF661690,Transporte
DONACION ONG.COM,Otros
BERSHKA 01/03,Compras
OECHSLE STORE,Compras
NEQUI*CARMINA,Alimentación
PLIN*JEREMÍAS 772303,Otros
NIKE STORE SEP,Compras
METRO REF851819,Alimentación
TRX CFE,Servicios
AEROMEXICO #952428,Transporte
COMPRA LIVERPOOL,Compras
PLAZA VEA SHOP MIRAFLORES,Compras
TRUPER FERRETERIA MIRAFLORES,Vivienda
TRX FARMACIAS DEL AHORRO,Salud
PAGO ARRIENDO COD752916,Vivienda
PAGO PETROPERU,Transporte
MUSEO INTERACTIVO AUTORIZ 558124,Ocio
CRUZ VERDE STORE,Salud
TEATRO MUNICIPAL MIRAFLORES,Ocio
RETIRO HOSPITAL ANGELES,Salud
NRO OP 108652 PROMART HOME CENTER,Vivienda
TWITCH REF073670,Ocio
OECHSLE COD595099,Compras
PAGO HIPOTECARIO LATAM,Vivienda
COMPRA PLAZA VESTIR CHICLAYO,Compras
ZARA AUT661335,Compras
MAX.COM LATAM,Ocio
EPM AR,Servicios
PLAZAS EXITO ROPA STORE,Compras
PAGO ONLINE NIKE STORE,Compras
PARQUE ARAUCO POLANCO,Compras
COMISION MANTENIMIENTO CUENTA ENE,Servicios
TRX CLARO SHOP,Compras
PAGO MAKRO,Alimentación
PAGO SERV ITUZAINGO PEAJE,Transporte
DIDI FOOD AUTORIZ 482060,Alimentación
AMZN MKTPLACE LATAM,Compras
MERCADO SHOPS REF603285,Compras
MODO*SIMÓN,Alimentación
COMPRA INTL CHEDRAUI,Alimentación
LIDER AUTORIZ 177423,Alimentación
PAGO SERV PANADERIA SAN JORGE,Alimentación
APPLE.COM APROB643588,Compras
COMPRA INMOBILIARIA CENTURY21 ENVIGADO,Vivienda
DB SPORTLIFE GYM,Ocio
FERIA DEL LIBRO OP629773,Ocio
WEB XBOX LIVE,Ocio
D1.COM,Alimentación
FARMACIA INKAFARMA ENE,Salud
COMPRA ADIDAS STORE VITACURA,Compras
CINEPLANET.COM,Ocio
NRO OP 946657 PAGO PENSION UNIVERSIDAD,Educación
COPPEL.COM,Compras
AUTOPISTA NORTE*592603,Transporte
NRO OP 819368 REPSOL,Transporte
RIPLEY MASTERCARD,Compras
SHELL #629086,Transporte
ENTEL 11JAN,Servicios
COMPRA WEB H&M,Compras
COMPRA LATAM AIRLINES LAS CONDES,Transporte
TRANSFERENCIA VARIOS LATAM,Otros
ESTACIONAMIENTO DIC,Transporte
JUMBO LIMA,Alimentación
COMPRA POS MERCADO SHOPS,Compras
PAYLESS*247843,Compras
STARBUCKS QR,Alimentación
PLAZA VESTIR SEP,Compras
IZZI TELECOM AUT889793,Servicios
COMPRA INTL PORTES BANCARIOS,Servicios
YOUTUBE PREMIUM MIRAFLOERS,Ocio
DEBITO AUTOMATICO LABORATORIO CLINICO ROCHE,Salud
PEMEX NOV,Transporte
PAGO SERV METRO DE LIMA,Transporte
LA POSITIVA SEGUROS REF174814,Servicios
POS DISCO,Alimentación
POS ALIEXPRESS,Compras
SHEIN MIRAFLORES,Compras
JOCKEY PLAZA LIMA,Compras
COMPRA WEB LA POLAR,Compras
RETIRO PANADERIA SAN JORGE,Alimentación
ONLINE DEEZER,Ocio
COPMRA WEB ENVIO WESTERN UNION,Otros
RETIRO EDESUR,Servicios
COMPRA COSTANERA CENTER,Compras
APP OXXO,Alimentación
PALACIO DE HIERRO OP118292,Compras
CARGO CINE COLOMBIA,Ocio
BITEL AUTORIZ 533739,Servicios
CARREFOUR REF978256,Alimentación
CROSSFIT BOX MY,Ocio
RIFA BENEFICA 21/02,Otros
SALCOBRAND AUT889039,Salud
TOTTUS CHILE SEP,Alimentación
TRANSF A UBER TRIP,Transporte
CARGO DISCOTECA CLUB,Ocio
PLAYCENTER*703095,Ocio
COMPRA POS DUOLINGO PLUS,Educación
PULL BEAR CO,Compras
PETROPERU AUTORIZ 892107,Transporte
GYM SMARTFIT MIRAFLORES,Ocio
AMAZON REF081195,Compras
RIFA BENEFICA STORE,Otros
PLAZA NORTE 27/04/24,Compras
PORTES BANCARIOS AUT308215,Servicios
PEMEX TARJETA 2093,Transporte
BURGER KING VISA,Alimentación
LA POLAR COD829950,Compras
LA POSITIVA SEGUROS AUT376005,Servicios
COMPRA WEB OPTIC GMO,Salud
COMPRA SODIMAC CONSTRUCCION CARTAGENA,Vivienda
PUMA ENERGY CHAPINERO,Transporte
COMPRA WEB LABORATORIO ROE,Salud
COMPRA AMZN MKTPLACE MAR DEL PLATA,Compras
TRANSF A CHEDRAUI,Alimentación
PRIMAX AR,Transporte
COMPRA AEROMEXICO CHICLAYO,Transporte
CARGO PAGO PENSION UNIVERSIDAD,Educación
DISCOTECA CLUB APROB987741,Ocio
BERSHKA LIMA,Compras
AMAZON BOGOTA,Compras
PAGO DEPOSITO VARIOS,Otros
TRX DEPOSITO VARIOS,Otros
PAGO AMZN MKTPLACE,Compras
POS MAESTRO HOME CENTER,Vivienda
POS UNIMARC,Alimentación
COMPRA POS FRISBY,Alimentación
TRANSF A COSTANERA CENTER,Compras
COMPRA METRO SANTIAGO,Transporte
TRX HOMECENTER,Vivienda
SHEIN APROB722851,Compras
APP ADIDAS STORE,Compras
COMPRA TC PLAZA VESTIR,Compras
DB TICKETMASTER,Ocio
JUAN VALDEZ STORE,Alimentación
PAGO ADMINISTRACION EDIFICIO,Vivienda
COMPRA TC FALABELLA,Compras
TRX LA POSITIVA SEGUROS,Servicios
TRANSF A DISCO,Alimentación
BUS EJECUTIVO #077409,Transporte
FARMACIA INKAFARMA COD823555,Salud
PLAZA NORTE AGO,Compras
COD MANTENIMIENTO TARJETA,Servicios
DB PLAZA VEA SHOP,Compras
ONLINE H&M,Compras
UNIMARC APROB395503,Alimentación
COMPRA WEB PORTES BANCARIOS,Servicios
SANCOR SEGUROS QR,Servicios
BOLETERIA JOINNUS REF736338,Ocio
COMPRA CREDITO VIVIENDA CHAPINERO,Vivienda
GASCO PUEBLA,Servicios
SPORTLIFE GYM PERU,Ocio
REF LA POSITIVA SEGUROS,Servicios
NRO OP 960948 AVANTEL,Servicios
CEVICHERIA EL RINCON*435722,Alimentación
CARGO FRISBY,Alimentación
HOMECENTER VISA,Vivienda
DB CHINA TOWN,Alimentación
NINTENDO ESHOP APROB186634,Ocio
DB CENTRO MEDICO SAN FELIPE,Salud
TWITCH TARJETA 6259,Ocio
CUOTA CONDOMINIO REF791369,Vivienda
MAX.COM PE,Ocio
LINKEDIN LEARNING COD480655,Educación
WEB PARQUE ARAUCO,Compras
COMPRA WEB WALMART,Alimentación
PAGO SWISS MEDICAL,Servicios
APP CINEPLANET,Ocio
LABORATORIO ROE AUT529564,Salud
IZZI TELECOM APROB991831,Servicios
COMPRA INTL CROSSFIT BOX,Ocio
AMZN MKTPLACE STORE,Compras
DEB CROSSFIT BOX,Ocio
WEB PALACIO DE HIERRO,Compras
UBER EATS #960540,Alimentación
SUBWAY AUTORIZ 762282,Alimentación
COD BOLETERIA JOINNUS,Ocio
REF JUAN VALDEZ,Alimentación
RETIRO REPSOL,Transporte
COMPRA CINE COLOMBIA CALLAO,Ocio
TOTTUS ENE,Alimentación
TACO BELL STORE,Alimentación
MAPFRE SEGUROS #921346,Servicios
EL CORRAL MX,Alimentación
SANTA FE MALL TARJETA 2582,Compras
ALLIANZ SEGUROS MASTERCARD,Servicios
NRO OP 095734 VIVANDA,Alimentación
ONLINE SHEIN,Compras
DISCO OP194339,Alimentación
COMPRA WEB MIFARMA,Salud
MAKRO TARJETA 4220,Alimentación
COMPRA SEARS,Compras
BUS EJECUTIVO.COM,Transporte
ADMINISTRACION CONJUNTO RESIDENCIAL JUL,Vivienda
BATA LATAM,Compras
COMPRA WEB COPA AIRLINES,Transporte
PAGO SERV SCOOTER MOVO,Transporte
WEB OECHSLE,Compras
COMPRA WEB FARMACIA INKAFARMA,Salud
CROSSFIT BOX AUTORIZ 148584,Ocio
COMPRA CENCOSUD,Compras
LINKEDIN LEARNING.COM,Educación
PAGO SERV SHEIN,Compras
NRO OP 474480 ADIDAS STORE,Compras
INMOBILIARIA CENTURY21 TIJUANA,Vivienda
PAGO SERV TOTTUS CHILE,Alimentación
ITUZAINGO PEAJE TARJETA 3648,Transporte
ITUZAINGO PEAJE LATAM,Transporte
RETIRO AMAZON PRIME VIDEO,Ocio
PROMART HOME CENTER REF686379,Vivienda
DB ADIDAS STORE,Compras
RETIRO H&M,Compras
COD TERPEL,Transporte
PALACIO DE HIERRO OP954238,Compras
DB GYM SMARTFIT,Ocio
PLAZA VEA SHOP NUNOA,Compras
CARGO PLAYSTATION STORE,Ocio
INMOBILIARIA CENTURY21 #043303,Vivienda
SANTA FE MALL AUT266599,Compras
CARGO FARMACIA GUADALAJARA,Salud
COMPRA POS SIT MEDELLIN,Transporte
PORTES BANCARIOS.COM,Servicios
CINE COLOMBIA TARJETA 0137,Ocio
D1 LIMA,Alimentación
CFE LIMA,Servicios
COMPRA POS LA REBAJA VIRTUAL,Salud
PLAZA NORTE REF791814,Compras
COMPRA POS TACO BELL,Alimentación
COMPRA INTL PAGO ARRIENDO,Vivienda
BEMBOS APROB951955,Alimentación
NEQUI*LEONARDO,Alimentación
COMPRA POS MERCADO LIBRE,Compras
PAGO SERV TICKETMASTER,Ocio
AVIANCA MIRAFLORES,Transporte
PEAJE RUTAS DEL SOL QR,Transporte
CINEMARK*099443,Ocio
SANCOR SEGUROS APROB998253,Servicios
COMPRA INTL CHILIS,Alimentación
TRANSF A CINEMARK,Ocio
LA POSITIVA SEGUROS AUT672812,Servicios
COMPRA DIA TOLUCA,Alimentación
RETIRO SHEIN,Compras
HOMECENTER #403394,Vivienda
EASY CONSTRUCCION STORE,Vivienda
COMPRA WEB MASSIMO DUTTI,Compras
REF VTR,Servicios
PARQUE DE LAS LEYENDAS 30AUG,Ocio
COMPRA POS PLATZI,Educación
PAGO ONLINE PUMA ENERGY,Transporte
COD HOSPITAL ITALIANO,Salud
CCARGO ENEX,Transporte
PAGO INMOBILIARIA CENTURY21,Vivienda
PARQUE DE LAS LEYENDAS SEP,Ocio
NRO OP 947360 FARMACIA SIMILARES,Salud
COPPEL REF564094,Compras
7 ELEVEN REF177771,Alimentación
FALABELLA OP106129,Compras
SANITAS EPS APROB931705,Servicios
RETIRO WOM,Servicios
SANNITAS EPS COD623260,Servicios
SPOTIFY LATAM,Ocio
LA REBAJA VIRTUAL #903245,Salud
COMPRA TC LUZ DEL SUR,Servicios
CRUZ VERDE #694641,Salud
NEQUI*HELIODORO,Alimentación
TRX BUS EJECUTIVO,Transporte
NIKE STORE OP541431,Compras
PAGO SERV CABIFY,Transporte
LUZ DEL SUR AUT577193,Servicios
VEA SUPERMERCADO APROB590780,Alimentación
PLIN*MARÍA BELÉN,Servicios
METRO MIRAFLORES,Alimentación
TOTTUS COD570041,Alimentación
D1 #431769,Alimentación
ALIEXPRESS VISA,Compras
CONCIERTO LIVE NATION AUT173365,Ocio
SORIANA NOV,Alimentación
RFE PROMART HOME CENTER,Vivienda
TRX PORTES BANCARIOS,Servicios
PULL BEAR TARJETA 9584,Compras
YAPE*HILDA,Servicios
TRX EDESUR,Servicios
COMPRA INTL PERSONAL ARG,Servicios
SCOOTER MOVO AUT143442,Transporte
PAGO ONLINE COPEC,Transporte
ML*COMPRA ARGENTINA,Compras
ENEL MAR,Servicios
COMPRA WEB CONSULTORIO DENTAL SONRIE,Salud
RIMAC SEGUROS OP369411,Servicios
TRX PALACIO DE HIERRO,Compras
PAGO PALACIO DE HIERRO,Compras
PAGO ONLINE MOVISTAR FIBRA,Servicios
FERRETERIA EL TORNILLO SAN ISIDRO,Vivienda
PLAZA VEA SHOP QR,Compras
TEATRO MUNICIPAL.COM,Ocio
H&M*304665,Compras
DEB OSDE PREPAGA,Servicios
ML*COMPRA 09/02/25,Compras
LABORATORIO CLINICO ROCHE 26MAY,Salud
TAXI DATUM SAN ISIDRO,Transporte
EBAY TARJETA 9882,Compras
RETIRO MAKRO,Alimentación
OPTICA GMO AUT703801,Salud
TRANSF A OPTICA GMO,Salud
MAX.COM.COM,Ocio
REF OPTICA GMO,Salud
TRANSMILENIO AUTORIZ 349422,Transporte
PAGO HIPOTECARIO QR,Vivienda
PAGO ONLINE WWOM,Servicios
PARQUE DE LAS LEYENDAS MASTERCARD,Ocio
PAGO TRUPER FERRETERIA,Vivienda
AEROMEXICO CHILE,Transporte
COMPRA CLINICA LAS AMERICAS MAR DEL PLATA,Salud
APP PEMEX,Transporte
H&M MASTERCARD,Compras
CHINA WOK VISA,Alimentación
COMPRA POS ESTACIONAMIENTO,Transporte
DAVIPLATA*REBECA 882164,Alimentación
DUOLINGO PLUS*244546,Educación
H&M OPP956441,Compras
G500 MIRAFLORES,Transporte
NORKYS PE,Alimentación
PAGO ONLINE MERCADO LIBRE,Compras
PAGO PAYLESS,Compras
AGUAS ANDINAS REF132705,Servicios
COMPRA WEB COTO,Alimentación
PAGO SERV TEATRO MUNICIPAL,Ocio
PAGO PENSION COLEGIO LATAM,Educación
COMPRA TC MUNDO MARINO,Ocio
HOMECENTER STORE,Vivienda
DUNKIN 12/02,Alimentación
PAGO CROSSFIT BOX,Ocio
PAYLESS AUT055928,Compras
BEAT MAR,Transporte
PAGO PEAJE RUTAS DEL SOL,Transporte
PEAJE RUTAS DEL SOL VISA,Transporte
REPSOL*111670,Transporte
DISCOTECA CLUB TOLUCA,Ocio
SEDAPAL 18/05/24,Servicios
COMPRA INTL PLAYCENTER,Ocio
PLAYCENTER LIMA,Ocio
ADIDAS STORE BARRANQUILLA,Compras
METRO SANTIAGO JUL,Transporte
BUS EJECUTIVO LIMA,Transporte
WEB KARAOKE BOX,Ocio
PETROPERU QR,Transporte
PLAZA NORTE MIRAFLORES,Compras
DEBITO AUTOMATICO CINEPLANET,Ocio
DEBITO AUTOMATICO SUBTE BUENOS AIRES,Transporte
DENTAL PLUS STORE,Salud
NORKYS VISA,Alimentación
DEB ALLIANZ SEGUROS,Servicios
TRX EBAY,Compras
PULL BEAR COD302329,Compras
WEB ITUZAINGO PEAJE,Transporte
BITEL COD891361,Servicios
LUZ DDEL SUR AUT727146,Servicios
DEB EDENOR,Servicios
PAGO ONLINE LABORATORIO CLINICO ROCHE,Salud
APP GASCO,Servicios
LUZ DEL SUR AUT225634,Servicios
COMPRA POS CHINA WOK,Alimentación
REF MASSIMO DUTTI,Compras
WOM LATAM,Servicios
ONLINE PLAZA VEA SHOP,Compras
WALMART COOD983356,Alimentación
OPTICA LA INES QR,Salud
WEB PLAYSTATION STORE,Ocio
MODO*MAURA,Alimentación
TRANSFERENCIA VARIOS OP593900,Otros
COMPRA HOSPITAL ITALIANO,Salud
MODO*DIONISIA,Otros
PAYLESS MIRAFLORES,Compras
COMISION MANTENIMIENTO CUENTA COD545026,Servicios
NRO OP 654182 CENCOSUD,Compras
CODENSA QR,Servicios
NRO OP 129794 TAXI DATUM,Transporte
VEA SUPERMERCADO TARJETA 7336,Alimentación
METRO CDMX REF103119,Transporte
POS COPEC,Transporte
EBAY AUTORIZ 475874,Compras
EPM STORE,Servicios
APP CLINICA RICARDO PALMA,Salud
PAGO ONLINE ZARA,Compras
WOM AUT194249,Servicios
AEROMEXICO STORE,Transporte
CHILIS MIRAFLORES,Alimentación
WEB OLIMPICA,Alimentación
LIDER REF205615,Alimentación
SHEIN PERU,Compras
APP SURA SEGUROS,Servicios
CRUZ DEL SUR AUT746539,Transporte
DEB JUMBO,Alimentación
POS MERCADO SHOPS,Compras
COMPRA LUZ DEL SUR CARTAGENA,Servicios
BEMBOS.COM,Alimentación
COMPRA LIDER CALLAO,Alimentación
KARAOKE BOX.COM,Ocio
TRX KFC,Alimentación
DEBITO AUTOMATICO TEATRO MUNICIPAL,Ocio
UBER TRIP VISA,Transporte
DEBITO AUTOMATICO PAYLESS,Compras
COMPRA PLAZAS EXITO ROPA VALPARAISO,Compras
APP COURSERA,Educación
PAGO PENSION COLEGIO AUT181035,Educación
ALLIANZ SEGUROS COYOACAN,Servicios
CARGO BAR E LBOTIJON,Ocio
LIDER COD436453,Alimentación
POS INMOBILIARIA CENTURY21,Vivienda
FERRETERIA EL TORNILLO*239343,Vivienda
COMPRA TC MERCADO SHOPS,Compras
STEAM GAMES MASTERCARD,Ocio
CLINICA LAS AMERICAS REF340461,Salud
NRO OP 419286 PORTES BANCARIOS,Servicios
COMPRA PRIMAX,Transporte
WOM FIBRA MASTERCARD,Servicios
APP LIVERPOOL,Compras
ADMINISTRACION EDIFICIO COD066223,Vivienda
PAGO SERV UNIMARC,Alimentación
MIFARMA STORE,Salud
DEEZER AUTORIZ 263754,Ocio
WEB EBAY,Compras
BERSHKA REF696166,Compras
PULL BEAR LIMA,Compras
WEB IZZI TELECOM,Servicios
ONLINE COMISION MANTENIMIENTO CUENTA,Servicios
INMOBILIARIA CENTURY21 TARJETA 1815,Vivienda
ONLINE OXXO,Alimentación
CHEDRAUI OP644461,Alimentación
CARGO INMOBILIARIA CENTURY21,Vivienda
CLARO SHOP QR,Compras
NRO OP 190307 AMZN MKTPLACE,Compras
TRUPER FERRETERIA OP877234,Vivienda
CINEPOLIS OP947653,Ocio
POS MOVISTAR FIBRA,Servicios
MANTTO CONJUNTO COLOMBIA,Vivienda
FARMACIA SIMILARES AUTORIZ 510166,Salud
ESTACIONAMIENTO OP835009,Transporte
GASCO GUADALAJARA,Servicios
REPSOL MIRAFLORES,Transporte
ONLINE SURA SEGUROS,Servicios
COMPRA INTL SPOTIFY,Ocio
SODIMAC CONSTRUCCION AUT081663,Vivienda
SEGUROS BOLIVAR CALLAO,Servicios
PAGO ONLINE JUAN VALDEZ,Alimentación
TRX TEMU,Compras
ONLINE AEROMEXICO,Transporte
COMISION MANTENIMIENTO CUENTA PALERMO,Servicios
DB MERCADO LIBRE,Compras
TRANSF A PROMART HOME CENTER,Vivienda
MODO*CLAUDIA 163692,Servicios
WOM AUT211768,Servicios
OLIMPICA #596556,Alimentación
PARQUE ARAUCO AREQUIPA,Compras
ANTICUCHOS DON JORGE CALLAO,Alimentación
CRUZ VERDE*682834,Salud
PAGO ONLINE FALABELLA,Compras
COMPRA AMZN MKTPLACE NUNOA,Compras
MODO*LOIDA,Servicios
PEDIDOSYA 08/09/24,Alimentación
APP ALQUILER DEPARTAMENTO,Vivienda
COMPRA INTL PARQUE DE LAS LEYENDAS,Ocio
RETIRO GASCO,Servicios
ALQUILER DEPARTAMENTO REF555188,Vivienda
TRANSF A COTO,Alimentación
PLAZA VESTIR 24/06,Compras
DEB TOTTUS,Alimentación
POS COURSERA,Educación
PAGO PROMART HOME CENTER,Vivienda
DEB SAGA FALABELLA,Compras
NETFLIX.COM LIMA,Ocio
PERSONAL ARG AREQUIPA,Servicios
PAGO SURA SEGUROS,Servicios
ANALISIS CLINICOS UNIDOS #908991,Salud
BODYTECH GYM OP923148,Ocio
COPEC COD551189,Transporte
NRO OP 652388 CLARO,Servicios
CABIFY LIMA,Transporte
MERCADO PAGO*MARÍA BELÉN 068418,Servicios
PARQUE ARAUCO STORE,Compras
COMPRA OLIMPICA,Alimentación
SEARS SAN ISIDRO,Compras
NRO O P469499 HOMECENTER,Vivienda
MANTTO CONJUNTO MIRAFLORES,Vivienda
FARMATODO #847292,Salud
PAGO SERV DEEZER,Ocio
KFC P923588,Alimentación
WOM FIBRA AUTORIZ 716860,Servicios
PAGO BITEL,Servicios
PAGO PARDOS CHICKEN,Alimentación
DIDI PERU,Transporte
EXITO #798016,Alimentación
TELMEX INTERNET TARJETA 2944,Servicios
PALACIO DE HIERRO 28-04-2025,Compras
PLAZA VESTIR TARJETA 7746,Compras
DB VEA SUPERMERCADO,Alimentación
SEGURROS BOLIVAR #512398,Servicios
TRX WALMART,Alimentación
PARQUE ARAUCO QR,Compras
COMPRA POS REPSOL,Transporte
PRIMAX CL,Transporte
ARA APROB940126,Alimentación
COMPRA INTL PEAJE RUTA,Transporte
INMOBILIARIA CENTURY21 SAN ISIDRO,Vivienda
MOVISTAR FIRBA*242231,Servicios
AMAZON PRIME VIDEO LATAM,Ocio
DEBITO AUTOMATICO ESTACIONAMIENTO,Transporte
UNIMARC #805387,Alimentación
KARAOKE BOX*584164,Ocio
UBER TRIP AUTORIZ 042685,Transporte
TEATRO MUNICIPAL JUN,Ocio
COMPRA TC PLAYSTATION STORE,Ocio
BURGER KING MX,Alimentación
STEAM GAMES OP818437,Ocio
COMPRA TC EDSUR,Servicios
ICPNA PALERMO,Educación
COMPRA CLARO,Servicios
DEB CABIFY,Transporte
COPPEL REF749776,Compras
COMPRA TC SCOOTER MOVO,Transporte
MOVISTAR FIBRA STORE,Servicios
MERCADO PAGO*ANUNCIACIÓN 035817,Servicios
TEMU LATAM,Compras
PAGO SALCOBRAND,Salud
MIFARMA APROB736943,Salud
CARGO ALQUILER DEPARTAMENTO,Vivienda
TRX PAGO MATRICULA,Educación
DEBITO AUTOMATICO LIVERPOOL,Compras
TRANSF A CARULLA,Alimentación
MODO*AITANA,Servicios
YAPE*AARÓN 983976,Servicios
SUBWAY SAN ISIDRO,Alimentación
COMPRA WEB RAPPI RESTAURANTE,Alimentación
ALQUILER DEPARTAMENTO SAN ISIDR,Vivienda
EXITO REF127019,Alimentación
REF FRISBY,Alimentación
EXITO REF479243,Alimentación
NEQUI*SABAS 634216,Servicios
DB CLINICA LAS AMERICAS,Salud
DEBITO AUTOMATICO APPLE.COM,Compras
DENTAL PLUS SURCO,Salud
IN DRIVER AUTORIZ 490235,Transporte
PAGO ONLINE MASSIMO DUTTI,Compras
CARULLA LATA,Alimentación
ANTICUCHS DON JORGE AUTORIZ 057882,Alimentación
REF SANCOR SEGUROS,Servicios
ARA.COM,Alimentación
FARMACIA INKAFARMA QR,Salud
DB CINE COLOOMBIA,Ocio
NRO OP 517628 ENVIO WESTERN UNION,Otros
COMPRA METRO DE LIMA,Transporte
COD FERRETERIA EL TORNILLO,Vivienda
PORTES BANCARIOS COD866088,Servicios
SEGUROS BOLIVAR APROB760650,Servicios
ALLIANZ SEGUROS REF212872,Servicios
NRO OP 331348 COPA AIRLINES,Transporte
UBER TRIP #682609,Transporte
APP PETROPERU,Transporte
YAPE*DIONISIO 207925,Otros
NRO OP 609125 PAPA JOHNS,Alimentación
COMPRA PEAJE RUTA VALPARAISO,Transporte
EBAY NOV,Compras
WEB SWISS MEDICAL,Servicios
COMPRA AMZN MKTPLACE MIRAFLORES,Compras
ADMINISTRACION CONJUNTO RESIDENCIAL COD914727,Vivienda
EBAY.COM,Compras
COMPRA TC PEMEX,Transporte
PEMEX*837782,Transporte
CARGO SEARS,Compras
EL CORRAL OP176212,Alimentación
DEBITO AUTOMATICO POLLERIA NORKYS,Alimentación
WOM #435507,Servicios
COMPRA INTL EXITO,Alimentación
PLAZA VEA SHOP MASTERCARD,Compras
WALMART REF255873,Alimentación
EASY CONSTRUCCION COD745334,Vivienda
ALIEXPRESS FEB,Compras
CEVICHERIA EL RINCON LATAM,Alimentación
PAGO SERV APPLE TV PLUS,Ocio
ENEX MX,Transporte
TEMU.COM,Compras
SPOTIFY QR,Ocio
COMPRA WEB TRANSMILENIO,Transporte
POS NETFLIX.COM,Ocio
CHILIS COD242076,Alimentación
POLLERIA NORKYS JUL,Alimentación
SHEIN COD085966,Compras
COMPRA WEB CASA DE CAMBIO,Otros
AMAZON JUN,Compras
CONCIERTO LIVE NATION VISA,Ocio
PAGO FARMACIA INKAFARMA,Salud
COMPRA CREPES WAFFLES,Alimentación
PAAGO SERV DISCOTECA CLUB,Ocio
IZZI TELECOM OCT,Servicios
COMPRA PARDOS CHICKEN,Alimentación
PAGO PUMA ENERGY,Transporte
COMPRA G500 MONTERREY,Transporte
ALQUILER DEPARTAMENTO AUTORIZ 354650,Vivienda
MERCADO LIBRE LATAM,Compras
CHINA WOK LIMA,Alimentación
RETIRO FERRETERIA EL TORNILLO,Vivienda
POS CLINICA RICARDO PALMA,Salud
NRO OP 094992 WOM FIBRA,Servicios
CRUZ VERDE SAN ISIDRO,Salud
DEB MANTENIMIENTO TARJETA,Servicios
NRO OP 908448 WONG,Alimentación
RETIRO CAJERO QR,Otros
COD PEDIDOSYA,Alimentación
COMPRA POS CREDITO VIVIENDA,Vivienda
DIDI LIMA,Transporte
APP CLINICA SHAIO,Salud
SAGA FALABELLA OP476746,Compras
TELMEX INTERNET LATAM,Servicios
YAPE*AMALIA,Servicios
TRANSF A PULL BEAR,Compras
7 ELEVEN MASTERCARD,Alimentación
ZARA POLANCO,Compras
CHINA TOWN MAR,Alimentación
DEB CRUZ DEL SUR,Transporte
RETIRO IN DRIVER,Transporte
BODYTECH GYM 29/02/24,Ocio
COMPRA POS PAYLESS,Compras
ONLINE ALQUILER DEPARTAMENTO,Vivienda
EASY CONSTRUCCION*110799,Vivienda
YAPE*ADELINA 097773,Servicios
ITUZAINGO PEAJE APROB368423,Transporte
TRANSF A MOVISTAR,Servicios
COMPRA TC STARBUCKS,Alimentación
RIFA BENEFICA AUT817990,Otros
CARGO ESTACIONAMIENTO,Transporte
SANITAS EPS LATAM,Servicios
PAYLESS AUT071747,Compras
YAPE*ÁNGEL 720250,Alimentación
PAGO JOCKEY PLAZA,Compras
ADIDAS STORE*248943,Compras
POS ENEL,Servicios
AVIANCA AUT758636,Transporte
OPTICA LA INES 11-05-2024,Salud
ONLINE WALMART,Alimentación
PLAYSTATION STORE TARJETA 3192,Ocio
COMPRA POS CLINICA SANNA,Salud
PAGO ARRIENDO VISA,Vivienda
LIBRERIA CRISOL LATAM,Educación
ONLINE SANCOR SEGUROS,Servicios
REF PAPA JOHNS,Alimentación
FERRETERIA EL TORNILLO NOV,Vivienda
SPOTIFY AUTORIZ 824843,Ocio
WONG MAR,Alimentación
COMPRA INTL PARQUE EXPLORA,Ocio
METRO CDMX OCT,Transporte
SWISS MEDICAL ENE,Servicios
APPLE TV PLUS MIRAFLORES,Ocio
COOMEVA EPS ENE,Servicios
COD SANTA FE MALL,Compras
TRX DONACION ONG,Otros
CARGO TEMU,Compras
MUSEO INTERACTIVO TARJETA 6172,Ocio
RETIRO AVIANNCA,Transporte
PUMA ENERGY MIRAFLORES,Transporte
PEMEX #186479,Transporte
PEAJE RUTAS DEL SOL OP405039,Transporte
FARMACIAS DEL AHORRO REF360603,Salud
EASY CONSTRUCCION SEP,Vivienda
MASSIMO DUTTI LATAM,Compras
PAGO ARRIENDO.COM,Vivienda
RETIRO IZZI TELECOM,Servicios
CHILIS #543446,Alimentación
COMPRA UBER TRIP,Transporte
DEBITO AUTOMATICO PARDOS CHICKEN,Alimentación
CENCOSUD LATAM,Compras
CENTRO MEDICO SAN FELIPE.COM,Salud
FALABELLA TARJETA 9221,Compras
PLAZA VEA SHOP APROB003481,Compras
CINEMARK APROB642180,Ocio
COMPRA SUBTE BUENOS AIRES,Transporte
PLIN*OMAR,Alimentación
EBAY ARGENTINA,Compras
DB FERRETERIA EL TORNILLO,Vivienda
COMPRA POS METRO SANTIAGO,Transporte
YAPE*EDELMIRO,Alimentación
TOTTUS CHILE APROB099862,Alimentación
AVIANCA CL,Transporte
WONG ABR,Alimentación
APPLE TV PLUS APROB620409,Ocio
PAGO SORIANA,Alimentación
PAGO CRUZ DEL SUR,Transporte
ENEX*732041,Transporte
BURGER KING*081051,Alimentación
PAPA JOHNS ARGENTINA,Alimentación
OXXO AUTORIZ 125611,Alimentación
PEAJE RUTA AUTORIZ 588172,Transporte
COMPRA TC BERSHKA,Compras
TRX PAGO ARRIENDO,Vivienda
CRUZ VERDE PERU,Salud
MODO*ISIDRO,Otros
CRUZ DEL SUR 31-05-2025,Transporte
APPLE.COM LATAM,Compras
MAESTRO HOME CENTER REF486672,Vivienda
AMZN MKTPLACE MIRAFLORES,Compras
COMPRA POS CRISTAL,Alimentación
NIKE STORE APROB474848,Compras
ESTACIONAMIENTO APROB408071,Transporte
COPEC REF023801,Transporte
COMPRA INTL KARAOKE BOX,Ocio
DEB PUMA ENERGY,Transporte
SHEIN TARJETA 1358,Compras
APP IBERDROLA,Servicios
REF DIA,Alimentación
TAXI DATUM OP706141,Transporte
PERSONAL ARG REF020004,Servicios
YOUTUBE PREMIUM LIMA,Ocio
TELMEX INTERNET OP147617,Servicios
DEB SPOTIFY,Ocio
METRO DE LIMA MAR,Transporte
PAGO ONLINE SANTA FE MALL,Compras
MODO*ÚRSULA,Servicios
PUMA ENERGY OP192584,Transporte
DEB NORKYS,Alimentación
PULL BEAR VISA,Compras
PRIMAX APROB926312,Transporte
COMPRA TC CLINICA LAS AMERICAS,Salud
PAGO SERV CREDITO VIVIENDA,Vivienda
PAGO PLAZA VEA SHOP,Compras
PAGO ONLINE DUNKIN,Alimentación
TRX ACBIFY,Transporte
LABORATORIO CLINICO ROCHE TARJETA 7324,Salud
EL CORRAL COD889093,Alimentación
CODENSA #586020,Servicios
CLINICA RICARDO PALMA #492308,Salud
PAGO SERV HBO MAX,Ocio
CHILIS APROB883939,Alimentación
SAGA FALABELLA APROB395551,Compras
TRANSANTIAGO OP274320,Transporte
COMISION INTERBANCARIA MASTERCARD,Servicios
COMPRA WEB DOMINOS PIZZA,Alimentación
TRX TACO BELL,Alimentación
BATA AUT568590,Compras
COSTANERA CENTER ARGENTINA,Compras
TRANSF A ADIDAS STORE,Compras
ITUZAINGO PEAJE OCT,Transporte
POS OPTICA LA INES,Salud
APP DIDI,Transporte
COMPRA WEB PROMART HOME CENTER,Vivienda
COMPRA TC PROMART HOME CENTER,Vivienda
CINEPOLIS SAN ISIDRO,Ocio
HOSPITAL ANGELES AUTORIZ 874045,Salud
WEB CINEPOLIS,Ocio
COMPRA TC PALACIO DE HIERRO,Compras
ENTEL REF520158,Servicios
COD PAGO VARIOS,Otros
NINTENDO ESHOP MASTERCARD,Ocio
PAGO SERV ML*COMPRA,Compras
COMPRA TC BITEL,Servicios
LA REBAJA VIRTUAL MEXICO,Salud
RETIRO JOCKEY PLAZA,Compras
COD CLINICA RICARDO PALMA,Salud
LA POLAR 03-02-2024,Compras
H&M COD078401,Compras
YAPE*LUNA,Servicios
UDEMY VISA,Educación
COMPRA INTL BUS EJECUTIVO,Transporte
DEBITO AUTOMATICO VTR,Servicios
DEEZER AUTORIZ 137329,Ocio
SHEIN OP189112,Compras
CFE OP531968,Servicios
NRO OP 022566 AUTOPISTA NORTE,Transporte
SEDAPAL AUT473341,Servicios
UNIVERSIDAD ANDES AUT271172,Educación
TRANSANTIAGO LATAM,Transporte
ESTACIONAMIENTO COD464029,Transporte
PAGO ONLINE H&M,Compras
INMOBILIARIA CENTURY21 AUT037966,Vivienda
SEGUROS BOLIVAR QR,Servicios
CRUZ DEL SUR 30/11/24,Transporte
RIPLEY COD295271,Compras
CARGO WOM FIBRA,Servicios
PEMEX REF198951,Transporte
ML*COMPRA COD493694,Compras
DEBITO AUTOMATICO ALQUILER DEPARTAMENTO,Vivienda
TRX CLINICA SHAIO,Salud
ANTICUCHOS DON JORGE AGO,Alimentación
CHILIS JUL,Alimentación
POS RIMAC SEGUROS,Servicios
METRO CDMX FEB,Transporte
COMPRA TELMEX INTERNET TRUJILLO,Servicios
PRIMAX OP177232,Transporte
ENEL TAJRETA 4185,Servicios
NRO OP 134684 TELMEX INTERNET,Servicios
BEAT OP968899,Transporte
TRX JUAN VALDEZ,Alimentación
VTR CHILE,Servicios
MOVISTAR FIBRA LATAM,Servicios
MERCADO LIBRE COD990664,Compras
MODO*JOSÉ,Alimentación
COMPRA WEB WOM FIBRA,Servicios
MODO*PÁNFILO,Alimentación
CARGO APPLE.COM,Compras
SUBWAY STORE,Alimentación
PAGO ONLINE JOCKEY PLAZA,Compras
POS PARDOS CHICKEN,Alimentación
H&M LIMA,Compras
DISCOTECA CLUB OP754015,Ocio
ARA APROBB495600,Alimentación
DB EL CORRAL,Alimentación
INSTITUTO IDIOMAS REF922192,Educación
PAGO ONLINE BAR EL BOTIJON,Ocio
EDENOR TARJETA 8702,Servicios
COMPRA WEB SIT MEDLELIN,Transporte
AMAZON PRIME VIDEO STORE,Ocio
OLIMPICA AUTORIZ 865331,Alimentación
COMPRA TOTTUS SANTIAGO,Alimentación
POS SANCOR SEGUROS,Servicios
UNIVERSIDAD ANDES REF402285,Educación
TRX UDEMY,Educación
RETIRO CAJERO PE,Otros
DB UBER EATS,Alimentación
MOVISTAR 07-02-2024,Servicios
COMPRA MOVISTAR COYOACAN,Servicios
CLINICA LAS AMERICAS 14/07,Salud
COMPRA INTL MAESTRO HOME CENTER,Vivienda
FARMACIA INKAFARMA 14/04/24,Salud
WEB INMOBILIARIA CENTURY21,Vivienda
COMPRA WEB LATAM AIRLINES,Transporte
HOMECENTER MASTERARD,Vivienda
JUAN VALDEZ*771493,Alimentación
MAKRO.COM,Alimentación
LA POSITIVA SEGUROS AUTORIZ 691750,Servicios
APP MAPFRE SEGUROS,Servicios
COMPRA EDENOR MONTERREY,Servicios
DISCO TARJETA 8329,Alimentación
TRANSMILENIO TARJETA 0318,Transporte
CROSSFT BOX CO,Ocio
PAGO SERV AEROMEXICO,Transporte
REF LABORATORIO CLINICO ROCHE,Salud
PROMART HOME CENTER SAN ISIDRO,Vivienda
COMPRA AMAZON,Compras
DEB ADIDAS STORE,Compras
EASY CONSTRUCCION APROB163947,Vivienda
PLIN*OLALLA,Servicios
DEBITO AUTOMATICO PRIMAX,Transporte
DB PERSONAL ARG,Servicios
LUZ DEL SUR VISA,Servicios
SHEIN NOV,Compras
DEB LA REBAJA VIRTUAL,Salud
FARMACIA INKAFARMA LATAM,Salud
TRANSF A CONSULTORIO DENTAL SONRIE,Salud
KARAOKE BOX 07/11/24,Ocio
OLIMPICA MASTERCARD,Alimentación
CRUZ DEL SUR AUTORIZ 001708,Transporte
APPP MAKRO,Alimentación
NRO OP 275171 SCOOTER MOVO,Transporte
CARGO AVIANCA,Transporte
AUTOPISTA NORTE COD221376,Transporte
VEA SUPERMERCADO.COM,Alimentación
OECHSLE REF194875,Compras
COMPRA TC OECHSLE,Compras
CINEMARK MIRAFLORES,Ocio
WOM TARJETA 2946,Servicios
COMPRA POS EDESUR,Servicios
ONLINE ANTICUCHOS DON JORGE,Alimentación
COMPRA INTL MIFARMA,Salud
COMPRA PARQUE EXPLORA MEDELLIN,Ocio
NEQUI*MARÍA TERESA 766191,Alimentación
ADIDAS STORE AUTORIZ 627846,Compras
COD SWISS MEDICAL,Servicios
MIFARMA OP511337,Salud
DEB PEAJE RUTAS DEL SOL,Transporte
DEB NIKE STORE,Compras
METRO SANTIAGO ABR,Transporte
TELMEX INTERNET*734537,Servicios
PEMEX COLOMBIA,Transporte
PLAZA VEA SHOP 21/02/25,Compras
KARAOKE BOX LATAM,Ocio
FARMACIAS DEL AHORRO TARJETA 8566,Salud
CRISTAL 29-02-2024,Alimentación
LA POLAR AUTORIZ 951276,Compras
AVANTEL MAR,Servicios
COMPRA WEB TEMU,Compras
COMPRA POS CONCIERTO LIVE NATION,Ocio
PRESTO COLOMBIA,Alimentación
COMPRA INTL SANTA FE MALL,Compras
PAGO ONLINE CINEMARK,Ocio
DISNEY PLUS MX,Ocio
HOMECENTER*833996,Vivienda
AAPP FERRETERIA EL TORNILLO,Vivienda
EPM CHILE,Servicios
RETIRO ESTACIONAMIENTO,Transporte
CARGO OXXO,Alimentación
TERPEL CABA,Transporte
DEB PANADERIA SAN JORGE,Alimentación
JOCKEY PLAZA.COM,Compras
MCDONALDS LATAM,Alimentación
COMPRA TC SHELL,Transporte
TRX PLAZA NORTE,Compras
ML*COMPRA #579377,Compras
GIRO INTERNACIONAL COLOMBIA,Otros
PROMART HOME CENTER OP790680,Vivienda
TRX VTR,Servicios
TRANSMILENIO*032427,Transporte
SEARS REF789121,Compras
PLAZA VEA SHOP SAN ISIDRO,Compras
DB AMAZON PRIME VIDEO,Ocio
7 ELEVEN*482192,Alimentación
DEBITO AUTOMATICO CLINICA LAS AMERICAS,Salud
COMPRA TICKETMASTER,Ocio
PAGO LA POLAR,Compras
NRO OP 700270 SHEIN,Compras
PAPA JOHNS 28/03,Alimentación
POS METRO SANTIAGO,Transporte
G500 #174325,Transporte
DB DEPOSITO VARIOS,Otros
COMPRA PARQUE DE LAS LEYENDAS,Ocio
MERCADO SHOPS COD500387,Compras
CEVICHERIA EL RINCON TARJETA 6359,Alimentación
APP CENCOSUD,Compras
PAGO ONLINE CREPES WAFFLES,Alimentación
DB CHILIS,Alimentación
PAGO SERV PERSONAL ARG,Servicios
DISCO SAN ISIDRO,Alimentación
NRO OP 074830 COURSERA,Educación
YAPE*MARÍA CARMEN,Alimentación
LUZ DEL SUR ENVIGADO,Servicios
LA COMER.COM,Alimentación
HOSPITAL ITALIANO COD805122,Salud
AEROMEXICO COLOMBIA,Transporte
COMPRA PAGO MATRICULA BARRANQUILLA,Educación
REF PARDOS CHICKEN,Alimentación
PAG OCERTIFICACION PEREIRA,Educación
PAGO A TERCEROS OP082446,Otros
LA POLAR 08/12,Compras
COMPRA POS RETIRO CAJERO,Otros
PEDIDOSYA AUTORIZ 756576,Alimentación
POS AMAZON,Compras
COPPEL MIRAFLORES,Compras
VEA SUPERMERCADO*035596,Alimentación
PAGO ONLINE INMOBILIARIA CENTURY21,Vivienda
COMPRA WEB ARA,Alimentación
REPSOL AUT212989,Transporte
PAGO A TERCEROS MASTERCARD,Otros
COMPRA POS PERSONAL ARG,Servicios
DEBITO AUTOMATICO CLARO,Servicios
TRX PARDOS CHICKEN,Alimentación
TRANSF A PEAJE RUTA,Transporte
RETIRO EDITORIAL SANTILLANA,Educación
TRX NINTENDO ESHOP,Ocio
SUBWAY OP997611,Alimentación
ADMINISTRACION CONJUNTO RESIDENCIAL MASTERCARD,Vivienda
CLINICA SHAIO AUTORIZ 680226,Salud
MERCADO PAGO*PRUDENCIA,Servicios
WEB EASY CONSTRUCCION,Vivienda
OLIMPICA AUTORIZ 917222,Alimentación
PLAYSTATION STORE REF990719,Ocio
TERPEL QR,Transporte
DISNEY PLUS OCT,Ocio
CRAGO LA POLAR,Compras
SANTA IISABEL*588998,Alimentación
PEMEX.COM,Transporte
REF FARMACIAS DEL AHORRO,Salud
COMPRA FERIA DEL LIBRO CALLAO,Ocio
ONLINE AMZN MKTPLACE,Compras
FARMACIA INKAFARMA*065223,Salud
WEB BEMBOS,Alimentación
TRANSANTIAGO APROB714115,Transporte
SANITAS EPS COD838893,Servicios
DEBITO AUTOMATICO ANTICUCHOS DON JORGE,Alimentación
CASA DE CAMBIO #494374,Otros
COMPRA SHEIN MIRAFLORES,Compras
MODO*JAFET,Otros
SWISS MEDICAL LIMA,Servicios
COMPRA LIBRERIA CRISOL,Educación
CARREFOUR DIC,Alimentación
POS CODENSA,Servicios
COMPRA CINEMARK,Ocio
DB PAGO PENSION COLEGIO,Educación
YAPE*GABRIELA,Alimentación
COMPRA BUS EJECUTIVO SURCO,Transporte
DEPOSITO VARIOS.COM,Otros
CARREFOUR COD445713,Alimentación
COMPRA WEB GIRO INTERNACIONAL,Otros
DB OPTICA GMO,Salud
TRANSF A BOLTERIA JOINNUS,Ocio
TRANSF A PRESTO,Alimentación
TRANSF A G500,Transporte
FERIA DEL LIBRO MIRAFLORES,Ocio
PRESTO REF175459,Alimentación
UBER TRIP COD476660,Transporte
TAXI DATUM*652121,Transporte
SHEIN OP160831,Compras
PAGO SIT MEDELLIN,Transporte
SANITAS EPS*538514,Servicios
COMISION MANTENIMIENTO CUENTA MASTERCARD,Servicios
MAX.COM*627061,Ocio
POS SHEIN,Compras
COD CINEPLANET,Ocio
COMPRA ADIDAS STORE CARTAGENA,Compras
COMPRA WEB UNIMARC,Alimentación
UNIVERSIDAD ANDES AUT700336,Educación
COMPRA INTL NIKE STORE,Compras
SCOOTER MOVO MIRAFLORES,Transporte
EASY CONSTRUCCION AUTORIZ 414809,Vivienda
PAGO ONLINE UBER EATS,Alimentación
SCOOTER MOVOO COD700417,Transporte
CARGO DIDI,Transporte
METRO MX,Alimentación
ONLINE SPORTLIFE GYM,Ocio
PAGO COPPEL,Compras
GASCO REF211716,Servicios
VTR TARJETA 3884,Servicios
DEB AEROMEXICO,Transporte
CARGO LA POLAR,Compras
ENEX REF269894,Transporte
TWITCH STORE,Ocio
AMAZON PRIME VIDEO COD992571,Ocio
ENTEL 27/05/25,Servicios
ANTICUCHOS DON JORGE*885621,Alimentación
REF MERCADO LIBRE,Compras
REF CRUZ VERDE,Salud
SAGA FALABELLA AUT012652,Compras
APP TERPEL,Transporte
MANTTO CONJUNTO CCHILE,Vivienda
BERSHKA REF583182,Compras
ALQUILER DEPARTAMENTO TARJETA 3874,Vivienda
COMPRA INTL REPSOL,Transporte
PAGO ONLINE PAGO PENSION COLEGIO,Educación
RETIRO TERPEL,Transporte
TIGO CHILE,Servicios
COMPRA COPEC CALI,Transporte
LABORATORIO ROE CARTAGENA,Salud
TICKETMASTER STORE,Ocio
COMPRA EASY CONSTRUCCION MAR DEL PLATA,Vivienda
NNIKE STORE REF915034,Compras
CLARO INTERNET PALERMO,Servicios
COMPRA INDRIVE PEREIRA,Transporte
DEPOSITO VARIOS SAN ISIDRO,Otros
PANADERIA SAN JORGE REF382845,Alimentación
CLINICA SHAIO APROB397884,Salud
APP UNIVERSIDAD ANDES,Educación
CINEMARK AUT780212,Ocio
UNIMARC 29/02,Alimentación
PLAYCENTER 15/01/25,Ocio
SIT MDELLIN APROB882039,Transporte
METRO DE LIMA LIMA,Transporte
ONLINE CROSSFIT BOX,Ocio
COMPRA DEEZER PUEBLA,Ocio
GYM SMARTFIT SEP,Ocio
PAGO FARMATODO,Salud
DEBITO AUTOMATICO SHEIN,Compras
POS AT&T MEXICO,Servicios
COMPRA CASA DE CAMBIO CORDOBA,Otros
PAGO SERV PULL BEAR,Compras
COMPRA SALCOBRAND,Salud
COD MUSEO INTERACTIVO,Ocio
NIKE STORE LIMA,Compras
NRO OP 909019 LIVERPOOL,Compras
NEQUI*NOELIA,Alimentación
TRX CENCOSUD,Compras
MASSIMO DUTTI REF281828,Compras
H&M COD600175,Compras
COMPRA SIT MEDELLIN,Transporte
MODO*INMACULADA,Alimentación
CINE COLOMBIA*777896,Ocio
DEB MERCADO LIBRE,Compras
NRO OP 556269 JUMBO,Alimentación
MIFARMA CUSCO,Salud
TRX DISNEY PLUS,Ocio
MAESTRO HOME CENTER TARJETA 7233,Vivienda
COMPRA INTL SAGA FALABELLA,Compras
NRO OP 996366 VIVANDA,Alimentación
ALIEXPRESS TARJETA 4760,Compras
COMPRA UNIVERSIDAD PACIFICO,Educación
CLARO SHOP COD100242,Compras
DEBITO AUTOMATICO PUMA ENERGY,Transporte
IZZI TELECOM SAN ISIDRO,Servicios
JUAN VALDEZ AUTORIZ 297450,Alimentación
PEMEX SAN ISIDRO,Transporte
PRESTO CUSCO,Alimentación
TRX YOUTUBE PREMIUM,Ocio
CLINICA SANNA COD703073,Salud
PARKING PLUS APROB579083,Transporte
COMPRA POS SANTA FE MALL,Compras
COMPRA TRUPER FERRETERIA MENDOZA,Vivienda
REF 7 ELEVEN,Alimentación
SANTA FE MALL COD069888,Compras
ZARA MASTERCARD,Compras
ENEL OP967856,Servicios
COMPRA BEMBOS ENVIGADO,Alimentación
YAPE*BENIGNA,Servicios
WOM FIBRA AUT575682,Servicios
TRX AEROMEXICO,Transporte
PAGO METRO,Alimentación
DEBITO AUTOMATICO ITUZAINGO PEAJE,Transporte
PAGO SANCOR SEGUROS,Servicios
COMPRA POS FARMACIA GUADALAJARA,Salud
NRO OP 579826 CINE COLOMBIA,Ocio
AMAZON*406333,Compras
TRX PLAYSTATION STORE,Ocio
ADIDAS STORE SAN ISIDRO,Compras
PAYLESS SAN ISIDRO,Compras
GAS NATURAL PALERMO,Servicios
PLIN*JUAN MANUEL 168493,Servicios
WEB BOLETERIA JOINNUS,Ocio
RETIRO TAXI DATUM,Transporte
OPTICA GMO AUT368890,Salud
INSTITUTO CIBERTEC #414348,Educación
PLAYSTATION STORE #460003,Ocio
KFC OP320933,Alimentación
PAGO ONLINE CONCIERTO LIVE NATION,Ocio
ANALISIS CLINICOS UNIDOS COD814153,Salud
ENEL OP508318,Servicios
DEB REPSOL,Transporte
COD MASSIMO DUTTI,Compras
DEB CHINA TOWN,Alimentación
PAGO A TERCEROS COD654711,Otros
COMPRA TC PALACIO DE HIEERRO,Compras
PARKING PLUS REF774572,Transporte
RETIRO SAGA FALABELLA,Compras
CREDITO VIVIENDA VISA,Vivienda
NRO OP 986357 PAGO CERTIFICACION,Educación
METRO DE LIMA COD232871,Transporte
COD ITUZAINGO PEAJE,Transporte
TRX DIDI FOOD,Alimentación
DEBITO AUTOMATICO AGUAS ANDINAS,Servicios
DEB CENTRO MEDICO SAN FELIPE,Salud
PARQUE DE LAS LEYENDAS APROB494724,Ocio
PAGO PLAZA VESTIR,Compras
MERCADO PAGO*GEORGINA 023481,Servicios
WEB IN DRIVER,Transporte
APP AEROMEXICO,Transporte
DEPOSITO VARIOS #996391,Otros
BODYTECH GYM LAAM,Ocio
METRO SANTIAGO REF464356,Transporte
SUBTE BUENOS AIRES STORE,Transporte
SANTA FE MALL APROB657428,Compras
PAGO COTO,Alimentación
AGUAS ANDINAS LIMA,Servicios
COMPRA INTL MOVISTAR,Servicios
PAGO PENSION COLEGIO PERU,Educación
REF YPF,Transporte
COMPRA LUZ DEL SUR,Servicios
YAPE*WILFREDO 179306,Servicios
AMAZON PRIME VIDEO MAIPU,Ocio
COD KARAOKE BOX,Ocio
REF MAKRO,Alimentación
NRO OP 508114 ICPNA,Educación
YAPE*CECILIA,Alimentación
COMPRA CINEPLANET,Ocio
MANTENIMIENTO TARJETA AUT252136,Servicios
TRANSF A LA POLAR,Compras
PAGO FARMACIAS DEL AHORRO,Salud
PEAJE RUTA COD661195,Transporte
COMPRA PARDOS CHICKEN BUENOS AIRES,Alimentación
COMPRA MUNDO MARINO VALPARAISO,Ocio
CONCIERTO LIVE NATION #338469,Ocio
FERRETERIA EL TORNILLO 30MAR,Vivienda
PLAZAS EXITO ROPA 15-10-2024,Compras
AEROMEXICO JUL,Transporte
POS PARQUE EXPLORA,Ocio
PAGO PENSION UNIVERSIDAD ENE,Educación
DB APPLE.COM,Compras
YAPE*ANGELINA,Alimentación
COMPRA SHEIN,Compras
KARAOKE BOX OP758059,Ocio
ONLINE CASA DE CAMBIO,Otros
PAGO ONLINE DONACION ONG,Otros
ONLINE SIT MEDELLIN,Transporte
SPOTIFY APROB345068,Ocio
PAGO ONLINE EDENOR,Servicios
PLIN*MARC 571482,Servicios
POS JOCKEY PLAZA,Compras
COMPRA IN DRIVER MAR DEL PLATA,Transporte
RETIRO OLIMPICA,Alimentación
FARMACIA GUADALAJARA #396172,Salud
TRANSF A OECHSLE,Compras
CARGO EBAY,Compras
PAGO ONLINE BOLETERIA JOINNUS,Ocio
CRUZ DEL SUR APROB416015,Transporte
DB BUS EJECUTIVO,Transporte
ADIDAS STORE OP873422,Compras
AT&T MEXICO #859890,Servicios
FARMATODO MAR,Salud
CHINA WOK PE,Alimentación
CODENSA SAN ISIDRO,Servicios
IN DRIVER LIMA,Transporte
TRANSF A SHEIN,Compras
APP SALCOBRAND,Salud
FARMACIA BENAVIDES #242716,Salud
TRANSF A LINKEDIN LEARNING,Educación
FARMACIA INKAFARMA STORE,Salud
COPPEL LATAM,Compras
NRO OP 558417 CINE COLOMBIA,Ocio
TAXI DATUM REF273018,Transporte
DB SWISS MEDICAL,Servicios
BURGER KING #599317,Alimentación
PROMART HOME CENTER*404001,Vivienda
ONLINE PARQUE ARAUCO,Compras
CARGO NORKYS,Alimentación
PAGO PENSION COLEGIO VISA,Educación
POLLERIA NORKYS TARJETA 4444,Alimentación
CREDITO VIVIENDA PERU,Vivienda
COMPPRA WEB LIBRERIA CRISOL,Educación
TICKETMASTER AUTORIZ 794264,Ocio
EPM JUL,Servicios
DEB EXITO,Alimentación
DB TELMEX INTERNET,Servicios
HOSPITAL ITALIANO STORE,Salud
COMPRA POS CEVICHERIA EL RINCON,Alimentación
GASCO SURCO,Servicios
REF FARMATODO,Salud
COTO STORE,Alimentación
DB ADMINISTRACION CONJUNTO RESIDENCIAL,Vivienda
TOTTUS CHILE COD758593,Alimentación
AEROMEXICO LIMA,Transporte
PAYLESS*900816,Compras
CINEPOLIS AUTORIZ 433961,Ocio
FARMACIA GUADALAJARA COD328128,Salud
NRO OP 290464 ALLIANZ SEGUROS,Servicios
NRO OP 489157 WONG,Alimentación
AMASON AUTORIZ 101231,Compras
BAR EL BOTIJON AUT576543,Ocio
PAGO MASSIMO DUTTI,Compras
CINEMARK MASTERCARD,Ocio
RETIRO CRISTAL,Alimentación
DISNEY PLUS TARJETA 2742,Ocio
METRO DE LIMA 23-01-2024,Transporte
PAGO ONLINE CENCOSUD,Compras
SEDAPAL APROB619647,Servicios
CUOTA CONDOMINIO QR,Vivienda
DEBITO AUTOMATICO DIDI,Transporte
DB PROMART HOME CENTER,Vivienda
RIMAC SEGUROS MIRAFLORES,Servicios
POS YOUTUBE PREMIUM,Ocio
MCDONALDS TARJETA 9352,Alimentación
CONCIERTO LIVE NATION AUT732484,Ocio
IN DRIVER SAN ISIDRO,Transporte
NETFLIX.COM REF119965,Ocio
SODIMAC CONSTRUCCION TARJETA 1410,Vivienda
BATA COD324608,Compras
NRO OP 116302 TRANSANTIAGO,Transporte
DEEZER SAN ISIDRO,Ocio
WEB MOVISTAR FIBRA,Servicios
CLINICA SHAIO 04-01-2024,Salud
PAGO ONLINE AGUAS ANDINAS,Servicios
COMPRA TC PLAYCENTER,Ocio
WALMART MASTERCARD,Alimentación
MIFARMA MIRAFLORES,Salud
SPORTLIFE GYM OP315106,Ocio
SANCOR SEGUROS STORE,Servicios
NRO OP 238264 FERRETERIA EL TORNILLO,Vivienda
SUBWAY MX,Alimentación
COD RIPLEY,Compras
MASSIMO DUTTI AUTORIZ 395344,Compras
DAVIPLATA*FITO,Servicios
BAR EL BOTIJON #196647,Ocio
PAYLESS #680309,Compras
PLAZA VEA MIRAFLORES,Alimentación
PAGO SERV TAXI DATUM,Transporte
COMPRA POS ADIDAS STORE,Compras
TIGO QR,Servicios
RTX TRUPER FERRETERIA,Vivienda
WEB COTO,Alimentación
OXXO SAN ISIDRO,Alimentación
TRX LABORATORIO ROE,Salud
PAGO ALLIANZ SEGUROS,Servicios
FARMACIA GUADALAJARA #886020,Salud
G500*614074,Transporte
EPM LATAM,Servicios
TOTTUS APROB419384,Alimentación
POS DIA,Alimentación
DIDI FOOD TARJETA 5987,Alimentación
DB FARMACIA BENAVIDES,Salud
LABORATORIO ROE SAN ISIDRO,Salud
PAGO SERV ENVIO WESTERN UNION,Otros
POS TOTTUS CHILE,Alimentación
MAKRO COD978665,Alimentación
COMPRA POS METRO CDMX,Transporte
PAGO PLATZI,Educación
MODO*IRMA,Servicios
COMPRA TC CRUZ DEL SUR,Transporte
MOVISTAR FIBRA 21APR,Servicios
COMPRA WEB DENTAL PLUS,Salud
TRRX COTO,Alimentación
COMPRA H&M,Compras
POS MAPFRE SEGUROS,Servicios
CREPES WAFFLES AUT893931,Alimentación
PLAYCENTER REF306689,Ocio
FARMACIA BENAVIDES COD303477,Salud
REF FARMACIA SIMILARES,Salud
DB COMISION MANTENIMIENTO CUENTA,Servicios
POLLERIA NORKYS PERU,Alimentación
BUS EJECUTIVO REF282083,Transporte
EDESUR AUTORIZ 737397,Servicios
JOCKEY PLAZA 15/11,Compras
CRUZ DEL SUR QR,Transporte
REF SORIANA,Alimentación
TRANSANTIAGO POLANCO,Transporte
DB PAGO PENSION UNIVERSIDAD,Educación
TRANSMILENIO QR,Transporte
BEMBOS SAN ISIDRO,Alimentación
TRX SHEIN,Compras
YPF #860344,Transporte
WEB FARMACIA SIMILARES,Salud
COMPRA CRISTAL NUNOA,Alimentación
G500 STORE,Transporte
ONLINE SUBWAY,Alimentación
SAGA FALABELLA ENE,Compras
NRO OP 167449 TECNOLOGICO DE MONTERREY,Educación
MCDONALDS COD367242,Alimentación
HOMECENTER TARJETA 6657,Vivienda
REF PLAYSTATION STORE,Ocio
DIISNEY PLUS TARJETA 2577,Ocio
PAGO ONLINE CARULLA,Alimentación
COD CREDITO VIVIENDA,Vivienda
SHEIN CL,Compras
POS EDITORIAL SANTILLANA,Educación
PLAZA NORTE AREQUIPA,Compras
AMAZON COD884514,Compras
COMPRA JUAN VALDEZ,Alimentación
SAGA FALABELLA COD405489,Compras
COMPRA PLAZAS EXITO ROPA,Compras
BURGER KING TARJETA 6415,Alimentación
POS FALABELLA,Compras
PLIN*FLORENTINA 944758,Servicios
CARGO CLINICA LAS AMERICAS,Salud
PAGO OECHSLE,Compras
PARQUE DE LAS LEYENDAS CHILE,Ocio
CARULLA 03AUG,Alimentación
BUS EJECUTIVO SAN ISIDRO,Transporte
G500 ROSARIO,Transporte
PEAJE RUTA SAN ISIDRO,Transporte
PRESTO AUTORIZ 118334,Alimentación
ONLINE LABORATORIO ROE,Salud
REF POLLERIA NORKYS,Alimentación
COURSERA VISA,Educación
DB TEMU,Compras
COMPRA INTL AT&T MEXICO,Servicios
METRO CDMX 25-03-2024,Transporte
PLAZA NORTE MASTERCARD,Compras
PROMART HOME CENTER #867217,Vivienda
MODO*TECLA,Alimentación
MERCADO SHOPS MASTERCARD,Compras
PAGO ONLINE OXXO,Alimentación
RIPLEY REF652618,Compras
UNIVERSIDAD ANDES ENE,Educación
TRX APPLE.COM,Compras
DEB PAGO A TERCEROS,Otros
FALABELLA MIRAFLORES,Compras
EL CORRAL AUT654737,Alimentación
MERCADO PAGO*MARTINA,Alimentación
UDEMY QR,Educación
H&M ABR,Compras
ONLINE TIGO,Servicios
FARMATODO FEB,Salud
COMPRA AUTOPISTA NORTE CDMX,Transporte
METRO DE LIMA #234216,Transporte
POS EDESUR,Servicios
FRISBY PERU,Alimentación
APP FARMACIA BENAVIDES,Salud
PLIN*DANI,Servicios
WOM VISA,Servicios
COSTANERA CENTER 04-03-2024,Compras
RETIRO CLINICA SANNA,Salud
EDITORIAL SANTILLANA QR,Educación
CONCIERTO LIVE NATION MASTERCARD,Ocio
APPLE.COM TORE,Compras
CARULLA STORE,Alimentación
DEB HOMECENTER,Vivienda
TRANSF A SANTA FE MALL,Compras
YAPE*MAITE,Alimentación
PAGO VARIOS OP137483,Otros
ONLINE LIVERPOOL,Compras
COPA AIRLINES.COM,Transporte
DB SIT MEDELLIN,Transporte
BODYTECH GYM AUTORIZ 605543,Ocio
TRANSF A MUNDO MARINO,Ocio
BITEL MASTERCARD,Servicios
PLIN*HERBERTO 826944,Servicios
TRANSF A PARDOS CHICKEN,Alimentación
COMPRA FERIA DEL LIBRO MAIPU,Ocio
APPLE TV PLUS VISA,Ocio
NRO OP 325603 BEAT,Transporte
SIT MEDELLIN 11FEB,Transporte
AVANTEL #857301,Servicios
NEQUI*EDUARDO,Servicios
SURA SEGUROS LIMA,Servicios
TRANSF A CEVICHERIA EL RINCON,Alimentación
LINKEDIN LEARNING REF949879,Educación
TRX TRUPER FERRETERIA,Vivienda
